"work_year","experience_level","employment_type","job_title","salary_in_usd","remote_ratio","company_size","company_location"
4,2,3,6,1,5,"1","US"
4,2,3,6,1,5,"1","US"
4,1,1,2,4,5,"2","CA"
4,1,1,2,3,5,"2","CA"
4,1,1,7,5,1,"3","US"
4,1,1,7,3,1,"3","US"
4,1,1,2,5,1,"2","CA"
4,1,1,2,3,1,"2","CA"
4,1,1,2,3,1,"2","US"
4,1,1,2,2,1,"2","US"
4,1,1,3,3,5,"2","US"
4,1,1,3,2,5,"2","US"
4,3,1,7,5,1,"3","US"
4,3,1,7,3,1,"3","US"
4,1,1,2,4,1,"2","US"
4,1,1,2,3,1,"2","US"
4,2,1,3,3,5,"2","US"
4,2,1,3,3,5,"2","US"
4,1,1,5,5,5,"2","GB"
4,1,1,5,3,5,"2","GB"
4,1,1,4,4,1,"2","US"
4,1,1,4,3,1,"2","US"
4,1,1,1,6,1,"2","US"
4,1,1,1,2,1,"2","US"
4,2,1,1,4,1,"2","US"
4,2,1,1,3,1,"2","US"
4,2,1,3,3,1,"2","US"
4,2,1,3,2,1,"2","US"
3,2,1,4,1,3,"3","IN"
4,3,1,7,5,1,"3","US"
4,3,1,7,3,1,"3","US"
4,1,1,1,6,1,"2","US"
4,1,1,1,5,1,"2","US"
4,1,1,2,5,5,"2","US"
4,1,1,2,4,5,"2","US"
4,1,1,2,6,5,"2","US"
4,1,1,2,5,5,"2","US"
4,1,1,2,6,5,"2","US"
4,1,1,2,4,5,"2","US"
4,1,1,2,5,5,"2","US"
4,1,1,2,4,5,"2","US"
4,1,1,1,5,5,"2","US"
4,1,1,1,3,5,"2","US"
4,4,1,2,6,1,"2","US"
4,4,1,2,4,1,"2","US"
4,1,1,1,5,5,"2","US"
4,1,1,1,4,5,"2","US"
4,1,1,2,4,5,"2","US"
4,1,1,2,3,5,"2","US"
4,1,1,1,5,1,"2","US"
4,1,1,1,4,1,"2","US"
4,1,1,1,5,5,"2","US"
4,1,1,1,5,5,"2","US"
4,1,1,7,7,1,"3","US"
4,1,1,7,4,1,"3","US"
4,1,1,1,3,1,"2","US"
4,1,1,1,2,1,"2","US"
4,1,1,2,5,5,"2","US"
4,1,1,2,5,5,"2","US"
4,1,1,8,6,5,"2","US"
4,1,1,8,4,5,"2","US"
4,1,1,1,4,5,"2","US"
4,1,1,1,3,5,"2","US"
4,1,1,4,3,5,"2","US"
4,1,1,1,5,5,"2","US"
4,1,1,1,4,5,"2","US"
4,1,1,1,4,1,"2","US"
4,1,1,1,3,1,"2","US"
4,1,1,2,1,1,"2","ES"
4,1,1,2,1,1,"2","ES"
4,1,1,2,3,1,"2","US"
4,1,1,2,2,1,"2","US"
4,3,1,4,4,1,"2","US"
4,3,1,4,3,1,"2","US"
4,1,1,1,5,5,"2","US"
4,1,1,1,4,5,"2","US"
4,1,1,3,5,1,"3","US"
4,1,1,3,3,1,"3","US"
4,1,1,3,3,1,"2","US"
4,1,1,3,2,1,"2","US"
4,1,1,1,4,1,"2","US"
4,1,1,1,3,1,"2","US"
4,1,1,1,4,1,"2","US"
4,1,1,1,2,1,"2","US"
4,1,1,5,4,1,"2","US"
4,1,1,5,3,1,"2","US"
4,1,1,1,5,1,"2","US"
4,1,1,1,3,1,"2","US"
4,3,1,9,5,3,"3","US"
4,1,1,2,3,1,"2","US"
4,1,1,2,3,1,"2","US"
4,1,1,5,6,1,"2","US"
4,1,1,5,5,1,"2","US"
4,1,1,5,4,1,"2","US"
4,1,1,5,3,1,"2","US"
4,1,1,4,6,5,"2","US"
4,1,1,4,4,5,"2","US"
4,1,1,5,6,1,"2","US"
4,1,1,5,5,1,"2","US"
4,1,1,1,4,1,"2","US"
4,1,1,1,3,1,"2","US"
4,1,1,1,6,1,"2","US"
4,1,1,1,3,1,"2","US"
4,1,1,1,4,5,"2","US"
4,1,1,1,3,5,"2","US"
4,1,1,4,7,1,"3","US"
4,1,1,4,4,1,"3","US"
4,2,1,1,2,5,"2","US"
4,2,1,1,2,5,"2","US"
4,3,1,1,2,1,"2","US"
4,3,1,1,2,1,"2","US"
4,1,1,2,3,5,"2","US"
4,1,1,2,2,5,"2","US"
4,3,1,3,2,1,"2","US"
4,3,1,3,2,1,"2","US"
4,1,1,3,5,1,"2","US"
4,1,1,3,3,1,"2","US"
4,1,1,4,7,5,"2","US"
4,1,1,4,5,5,"2","US"
4,1,1,1,2,5,"2","US"
4,1,1,1,2,5,"2","US"
4,1,1,2,4,1,"2","US"
4,1,1,2,4,1,"2","US"
4,1,1,5,5,1,"2","US"
4,1,1,5,3,1,"2","US"
4,2,1,1,2,5,"2","US"
4,2,1,1,2,5,"2","US"
4,2,1,3,1,1,"2","GB"
4,2,1,3,1,1,"2","GB"
4,1,1,1,3,1,"2","US"
4,1,1,1,3,1,"2","US"
4,1,1,3,4,1,"2","US"
4,1,1,3,3,1,"2","US"
4,1,1,7,7,1,"3","US"
4,1,1,7,4,1,"3","US"
4,1,1,4,4,1,"2","US"
4,1,1,4,3,1,"2","US"
4,2,1,1,4,1,"2","US"
4,2,1,1,3,1,"2","US"
4,1,1,5,3,5,"2","US"
4,1,1,5,3,5,"2","US"
4,1,1,1,3,1,"2","US"
4,1,1,1,3,1,"2","US"
4,1,1,7,5,1,"3","US"
4,1,1,7,3,1,"3","US"
4,1,1,1,5,1,"2","US"
4,1,1,1,4,1,"2","US"
4,1,1,1,5,5,"2","US"
4,1,1,1,4,5,"2","US"
4,2,1,2,2,1,"2","GB"
4,2,1,2,2,1,"2","GB"
4,3,1,3,2,5,"2","US"
4,3,1,3,2,5,"2","US"
4,1,1,1,4,1,"2","US"
4,1,1,1,3,1,"2","US"
4,2,1,4,6,1,"2","US"
4,2,1,4,5,1,"2","US"
4,1,1,2,5,1,"2","US"
4,1,1,2,4,1,"2","US"
4,1,1,2,4,1,"2","US"
4,1,1,2,4,1,"2","US"
4,1,1,8,4,5,"2","US"
4,1,1,8,3,5,"2","US"
4,1,1,8,4,5,"2","US"
4,1,1,8,3,5,"2","US"
4,4,1,1,5,1,"2","US"
4,4,1,1,5,1,"2","US"
4,2,1,1,4,1,"2","US"
4,2,1,1,3,1,"2","US"
4,1,1,1,4,5,"2","US"
4,1,1,1,3,5,"2","US"
4,1,1,4,5,1,"2","US"
4,1,1,4,4,1,"2","US"
4,1,1,2,5,1,"2","CA"
4,1,1,2,4,1,"2","CA"
4,1,1,3,3,5,"2","US"
4,1,1,3,2,5,"2","US"
4,3,1,1,1,5,"3","IN"
4,1,1,3,3,1,"2","US"
4,1,1,3,3,1,"2","US"
4,1,1,1,3,1,"2","US"
4,1,1,1,2,1,"2","US"
4,1,1,1,3,1,"2","US"
4,1,1,1,3,1,"2","US"
4,1,1,1,4,1,"2","US"
4,1,1,1,3,1,"2","US"
4,1,1,2,5,1,"2","US"
4,1,1,2,4,1,"2","US"
4,1,1,1,3,1,"2","US"
4,1,1,1,2,1,"2","US"
4,4,1,1,3,1,"2","US"
4,4,1,1,3,1,"2","US"
4,1,1,2,5,1,"2","US"
4,1,1,2,4,1,"2","US"
4,1,1,2,5,1,"3","US"
4,1,1,2,3,1,"3","US"
4,1,1,2,5,1,"2","US"
4,1,1,2,3,1,"2","US"
4,1,1,10,4,1,"2","US"
4,1,1,10,3,1,"2","US"
4,1,1,5,4,5,"2","US"
4,1,1,5,3,5,"2","US"
3,1,1,2,2,5,"3","GB"
4,3,1,1,2,1,"2","US"
4,3,1,1,2,1,"2","US"
4,1,1,3,3,1,"2","US"
4,1,1,3,3,1,"2","US"
4,1,1,3,2,1,"2","US"
4,1,1,3,2,1,"2","US"
4,1,1,1,5,5,"2","US"
4,1,1,1,4,5,"2","US"
4,1,1,2,4,5,"2","US"
4,1,1,2,3,5,"2","US"
4,1,1,3,4,1,"2","US"
4,1,1,3,3,1,"2","US"
4,1,1,2,1,1,"2","ES"
4,1,1,2,1,1,"2","ES"
4,1,1,1,5,1,"3","US"
4,1,1,1,3,1,"3","US"
4,1,1,5,4,5,"2","US"
4,1,1,5,3,5,"2","US"
4,1,1,5,4,5,"2","US"
4,1,1,5,3,5,"2","US"
4,1,1,7,6,1,"3","US"
4,1,1,7,3,1,"3","US"
4,4,1,1,4,1,"2","US"
4,4,1,1,3,1,"2","US"
4,1,1,7,6,1,"3","US"
4,1,1,7,3,1,"3","US"
4,1,1,9,3,5,"2","US"
4,1,1,9,3,5,"2","US"
4,1,1,7,5,5,"2","US"
4,1,1,7,4,5,"2","US"
4,1,1,3,3,5,"2","US"
4,1,1,3,3,5,"2","US"
4,1,1,2,4,1,"2","US"
4,1,1,2,4,1,"2","US"
4,1,1,1,5,5,"2","US"
4,1,1,1,3,5,"2","US"
4,1,1,2,4,1,"2","US"
4,1,1,2,3,1,"2","US"
4,1,1,2,4,5,"2","US"
4,1,1,2,3,5,"2","US"
4,1,1,2,4,1,"2","US"
4,1,1,2,4,1,"2","US"
4,1,1,7,5,1,"3","US"
4,1,1,7,3,1,"3","US"
4,4,1,5,5,5,"2","US"
4,4,1,5,4,5,"2","US"
4,1,1,3,4,1,"2","US"
4,1,1,3,3,1,"2","US"
4,1,1,9,5,1,"2","US"
4,1,1,9,3,1,"2","US"
4,1,1,2,4,5,"2","US"
4,1,1,2,2,5,"2","US"
4,1,1,1,4,1,"2","US"
4,1,1,1,3,1,"2","US"
4,1,1,2,5,1,"2","US"
4,1,1,2,4,1,"2","US"
4,1,1,3,3,5,"2","US"
4,1,1,3,2,5,"2","US"
4,1,1,3,3,5,"2","US"
4,1,1,3,3,5,"2","US"
4,1,1,2,5,1,"2","US"
4,1,1,2,4,1,"2","US"
4,1,1,2,4,1,"2","US"
4,1,1,2,3,1,"2","US"
4,1,1,3,3,1,"2","US"
4,1,1,3,3,1,"2","US"
4,3,1,3,1,1,"3","CA"
4,2,1,4,6,5,"2","US"
4,2,1,4,4,5,"2","US"
4,3,1,2,2,5,"3","CA"
4,1,1,8,6,1,"2","US"
4,1,1,8,4,1,"2","US"
4,1,1,1,3,1,"2","US"
4,1,1,1,3,1,"2","US"
4,1,1,3,3,1,"2","US"
4,1,1,3,3,1,"2","US"
4,3,1,2,3,5,"2","US"
4,3,1,2,2,5,"2","US"
4,2,1,2,2,5,"2","US"
4,2,1,2,2,5,"2","US"
4,1,1,3,4,5,"2","CA"
4,1,1,3,3,5,"2","CA"
4,3,1,1,2,1,"2","US"
4,3,1,1,2,1,"2","US"
4,1,1,4,6,1,"2","US"
4,1,1,4,3,1,"2","US"
4,1,1,1,5,5,"2","US"
4,1,1,1,4,5,"2","US"
4,1,1,2,5,5,"2","US"
4,1,1,2,3,5,"2","US"
4,3,1,7,5,1,"3","US"
4,3,1,7,3,1,"3","US"
4,1,1,1,5,1,"2","US"
4,1,1,1,3,1,"2","US"
4,1,1,2,4,1,"2","US"
4,1,1,2,3,1,"2","US"
4,1,1,2,5,5,"2","US"
4,1,1,2,4,5,"2","US"
4,1,1,4,7,5,"2","US"
4,1,1,4,4,5,"2","US"
4,1,1,1,3,1,"2","US"
4,1,1,1,3,1,"2","US"
4,1,1,2,3,5,"2","US"
4,1,1,2,3,5,"2","US"
4,2,1,3,2,1,"2","US"
4,2,1,3,2,1,"2","US"
4,2,1,9,4,1,"2","GB"
4,2,1,9,3,1,"2","GB"
4,1,1,1,5,1,"2","US"
4,1,1,1,4,1,"2","US"
4,1,1,1,5,1,"2","US"
4,1,1,1,3,1,"2","US"
4,1,1,4,6,1,"2","US"
4,1,1,4,5,1,"2","US"
4,1,1,1,3,1,"2","US"
4,1,1,1,3,1,"2","US"
4,1,1,3,4,1,"2","US"
4,1,1,3,3,1,"2","US"
4,1,1,1,4,1,"2","US"
4,1,1,1,4,1,"2","US"
4,1,1,2,4,5,"2","US"
4,1,1,2,3,5,"2","US"
4,2,1,2,4,5,"2","US"
4,2,1,2,3,5,"2","US"
4,4,1,2,4,1,"2","US"
4,4,1,2,3,1,"2","US"
4,1,1,2,1,1,"2","ES"
4,1,1,2,1,1,"2","ES"
4,3,1,1,2,1,"2","US"
4,3,1,1,2,1,"2","US"
4,2,1,1,3,1,"2","US"
4,2,1,1,2,1,"2","US"
4,1,1,3,3,5,"2","US"
4,1,1,3,2,5,"2","US"
4,1,1,5,4,1,"2","US"
4,1,1,5,3,1,"2","US"
4,1,1,3,3,1,"2","US"
4,1,1,3,3,1,"2","US"
4,1,1,4,5,1,"2","US"
4,1,1,4,4,1,"2","US"
4,1,1,2,6,1,"2","US"
4,1,1,2,4,1,"2","US"
4,4,1,8,4,1,"2","US"
4,4,1,8,4,1,"2","US"
4,1,1,2,4,1,"2","US"
4,1,1,2,3,1,"2","US"
4,1,1,2,4,5,"2","US"
4,1,1,2,3,5,"2","US"
4,1,1,2,5,5,"2","US"
4,1,1,2,3,5,"2","US"
4,1,1,3,2,1,"2","US"
4,1,1,3,2,1,"2","US"
4,1,1,1,3,1,"2","US"
4,1,1,1,2,1,"2","US"
4,3,1,3,2,5,"2","US"
4,3,1,3,2,5,"2","US"
4,1,1,4,4,1,"2","US"
4,1,1,4,3,1,"2","US"
4,1,1,3,5,5,"2","US"
4,1,1,3,4,5,"2","US"
4,1,1,4,3,1,"2","US"
4,1,1,4,2,1,"2","US"
4,1,1,2,4,5,"2","US"
4,1,1,2,4,5,"2","US"
4,1,1,7,5,1,"3","US"
4,1,1,7,3,1,"3","US"
4,1,1,7,6,1,"3","US"
4,1,1,7,3,1,"3","US"
4,1,1,3,4,1,"2","US"
4,1,1,3,3,1,"2","US"
4,1,1,7,5,5,"2","US"
4,1,1,7,4,5,"2","US"
4,1,1,4,3,5,"2","CA"
4,1,1,4,2,5,"2","CA"
4,2,1,3,4,1,"2","US"
4,2,1,3,3,1,"2","US"
4,1,1,1,5,1,"2","US"
4,1,1,1,3,1,"2","US"
4,2,1,3,2,1,"2","GB"
4,2,1,3,2,1,"2","GB"
4,1,1,1,6,1,"2","US"
4,1,1,1,3,1,"2","US"
4,3,1,1,2,5,"2","US"
4,3,1,1,2,5,"2","US"
4,1,1,1,4,5,"2","US"
4,1,1,1,3,5,"2","US"
4,1,1,2,6,1,"2","CA"
4,1,1,2,4,1,"2","CA"
4,1,1,2,4,1,"2","US"
4,1,1,2,3,1,"2","US"
4,2,1,8,4,1,"2","US"
4,2,1,8,3,1,"2","US"
4,1,1,2,4,1,"2","US"
4,1,1,2,4,1,"2","US"
4,2,1,1,3,1,"2","US"
4,2,1,1,2,1,"2","US"
4,4,1,1,6,5,"2","US"
4,4,1,1,5,5,"2","US"
4,1,1,3,2,5,"2","US"
4,1,1,3,2,5,"2","US"
4,1,1,1,5,1,"2","US"
4,1,1,1,4,1,"2","US"
4,1,1,2,6,5,"2","US"
4,1,1,2,4,5,"2","US"
4,2,1,9,5,5,"2","US"
4,2,1,9,4,5,"2","US"
4,1,1,2,4,5,"2","US"
4,1,1,2,4,5,"2","US"
4,1,1,2,7,1,"2","US"
4,1,1,2,4,1,"2","US"
4,1,1,1,3,1,"2","US"
4,1,1,1,2,1,"2","US"
4,1,1,1,4,1,"2","US"
4,1,1,1,3,1,"2","US"
4,1,1,1,4,1,"2","US"
4,1,1,1,3,1,"2","US"
4,1,1,2,5,1,"2","US"
4,1,1,2,4,1,"2","US"
4,1,1,1,5,1,"2","US"
4,1,1,1,3,1,"2","US"
4,1,1,4,5,1,"2","US"
4,1,1,4,4,1,"2","US"
4,1,1,3,4,1,"2","US"
4,1,1,3,3,1,"2","US"
4,1,1,3,3,1,"2","US"
4,1,1,3,3,1,"2","US"
4,1,1,1,3,1,"2","US"
4,1,1,1,3,1,"2","US"
4,1,1,9,4,1,"2","US"
4,1,1,9,3,1,"2","US"
4,1,1,3,4,5,"2","US"
4,1,1,3,3,5,"2","US"
4,1,1,2,6,5,"2","US"
4,1,1,2,4,5,"2","US"
4,1,1,8,4,5,"2","US"
4,1,1,8,3,5,"2","US"
4,2,1,8,4,1,"2","US"
4,2,1,8,3,1,"2","US"
4,1,1,9,5,1,"2","US"
4,1,1,9,4,1,"2","US"
4,2,1,4,3,3,"3","US"
4,1,1,4,5,5,"2","US"
4,1,1,4,4,5,"2","US"
4,1,1,1,4,5,"2","US"
4,1,1,1,4,5,"2","US"
4,1,1,2,4,1,"2","US"
4,1,1,2,3,1,"2","US"
4,1,1,1,3,1,"2","US"
4,1,1,1,3,1,"2","US"
4,2,1,1,3,1,"2","US"
4,2,1,1,3,1,"2","US"
4,2,1,4,3,1,"2","US"
4,2,1,4,2,1,"2","US"
4,1,1,2,4,5,"2","US"
4,1,1,2,3,5,"2","US"
4,1,1,3,5,1,"2","US"
4,1,1,3,3,1,"2","US"
4,1,1,5,4,1,"2","US"
4,1,1,5,3,1,"2","US"
4,1,1,1,4,1,"2","US"
4,1,1,1,3,1,"2","US"
4,1,1,2,6,5,"2","US"
4,1,1,2,4,5,"2","US"
4,2,1,1,3,1,"2","US"
4,2,1,1,3,1,"2","US"
4,4,1,2,3,1,"2","US"
4,4,1,2,2,1,"2","US"
4,1,1,3,4,5,"2","US"
4,1,1,3,2,5,"2","US"
4,1,1,3,4,1,"2","US"
4,1,1,3,3,1,"2","US"
4,2,1,3,3,1,"2","US"
4,2,1,3,2,1,"2","US"
4,2,1,1,4,1,"2","US"
4,2,1,1,3,1,"2","US"
4,1,1,2,6,5,"2","US"
4,1,1,2,4,5,"2","US"
4,1,1,3,3,1,"2","US"
4,1,1,3,3,1,"2","US"
4,1,1,3,2,5,"2","US"
4,1,1,3,2,5,"2","US"
4,1,1,1,4,5,"2","CA"
4,1,1,1,3,5,"2","CA"
4,2,1,3,4,1,"2","US"
4,2,1,3,3,1,"2","US"
4,2,1,2,2,1,"2","GB"
4,2,1,2,2,1,"2","GB"
4,3,1,2,4,1,"2","US"
4,3,1,2,3,1,"2","US"
4,2,1,2,2,1,"2","GB"
4,2,1,2,2,1,"2","GB"
4,2,1,2,3,1,"2","GB"
4,2,1,2,2,1,"2","GB"
4,1,1,1,3,1,"2","US"
4,1,1,1,3,1,"2","US"
4,4,1,1,6,1,"2","US"
4,4,1,1,5,1,"2","US"
4,1,1,1,4,5,"2","US"
4,1,1,1,3,5,"2","US"
4,2,1,1,2,5,"2","US"
4,2,1,1,2,5,"2","US"
4,3,1,3,2,5,"2","US"
4,3,1,3,2,5,"2","US"
4,1,1,1,6,1,"2","US"
4,1,1,1,3,1,"2","US"
4,3,1,1,2,5,"2","US"
4,3,1,1,2,5,"2","US"
4,2,1,3,2,5,"2","US"
4,2,1,3,2,5,"2","US"
4,1,1,2,5,1,"2","US"
4,1,1,2,3,1,"2","US"
4,1,1,3,4,5,"2","US"
4,1,1,3,3,5,"2","US"
4,3,1,1,2,5,"2","US"
4,3,1,1,2,5,"2","US"
4,1,1,2,4,1,"2","US"
4,1,1,2,3,1,"2","US"
4,3,1,1,3,1,"2","US"
4,3,1,1,2,1,"2","US"
4,1,1,1,4,1,"2","US"
4,1,1,1,3,1,"2","US"
4,1,1,2,5,5,"2","US"
4,1,1,2,3,5,"2","US"
4,2,1,1,2,5,"2","US"
4,2,1,1,2,5,"2","US"
4,1,1,1,3,1,"2","US"
4,1,1,1,3,1,"2","US"
4,1,1,2,6,1,"2","CA"
4,1,1,2,4,1,"2","CA"
4,2,1,1,3,1,"2","US"
4,2,1,1,3,1,"2","US"
4,1,1,1,5,1,"3","US"
4,1,1,1,3,1,"3","US"
4,1,1,1,6,1,"2","US"
4,1,1,1,3,1,"2","US"
4,1,1,2,5,1,"2","US"
4,1,1,2,4,1,"2","US"
4,1,1,2,4,5,"2","US"
4,1,1,2,3,5,"2","US"
4,1,1,1,4,1,"2","US"
4,1,1,1,3,1,"2","US"
4,1,1,2,4,1,"2","US"
4,1,1,2,3,1,"2","US"
4,1,1,8,3,5,"2","US"
4,1,1,8,3,5,"2","US"
4,1,1,1,4,5,"2","US"
4,1,1,1,3,5,"2","US"
4,1,1,1,4,5,"2","US"
4,1,1,1,3,5,"2","US"
4,1,1,3,4,1,"2","US"
4,1,1,3,3,1,"2","US"
4,1,1,8,8,5,"2","US"
4,1,1,8,5,5,"2","US"
4,1,1,3,4,1,"2","US"
4,1,1,3,3,1,"2","US"
4,1,1,3,5,5,"2","US"
4,1,1,3,3,5,"2","US"
4,1,1,1,6,1,"2","US"
4,1,1,1,5,1,"2","US"
4,4,1,1,4,1,"2","US"
4,4,1,1,3,1,"2","US"
4,3,1,3,2,5,"2","US"
4,3,1,3,2,5,"2","US"
4,1,1,1,6,1,"2","US"
4,1,1,1,4,1,"2","US"
4,1,1,3,3,5,"2","US"
4,1,1,3,2,5,"2","US"
4,1,1,2,4,1,"2","US"
4,1,1,2,3,1,"2","US"
4,1,1,4,3,5,"2","US"
4,1,1,4,3,5,"2","US"
4,2,1,3,5,1,"2","US"
4,2,1,3,3,1,"2","US"
4,1,1,8,3,5,"2","GB"
4,1,1,8,2,5,"2","GB"
4,1,1,3,3,5,"2","US"
4,1,1,3,2,5,"2","US"
4,1,1,5,3,1,"2","US"
4,1,1,5,2,1,"2","US"
4,2,1,3,4,1,"2","US"
4,2,1,3,3,1,"2","US"
4,2,1,1,4,1,"2","US"
4,2,1,1,3,1,"2","US"
4,1,1,10,6,1,"2","US"
4,1,1,10,5,1,"2","US"
4,2,1,2,3,1,"2","US"
4,2,1,2,2,1,"2","US"
4,1,1,1,3,1,"2","US"
4,1,1,1,2,1,"2","US"
4,3,1,1,3,1,"2","US"
4,3,1,1,2,1,"2","US"
4,1,1,1,4,1,"2","US"
4,1,1,1,3,1,"2","US"
4,1,1,2,5,1,"2","US"
4,1,1,2,4,1,"2","US"
4,2,1,2,3,1,"2","US"
4,2,1,2,2,1,"2","US"
4,1,1,7,5,1,"3","US"
4,1,1,7,3,1,"3","US"
4,2,1,3,2,1,"2","US"
4,2,1,3,2,1,"2","US"
4,2,1,1,2,5,"2","GB"
4,2,1,1,2,5,"2","GB"
4,4,1,2,4,1,"2","US"
4,4,1,2,3,1,"2","US"
4,2,1,1,3,1,"2","US"
4,2,1,1,2,1,"2","US"
4,1,1,3,4,5,"2","US"
4,1,1,3,3,5,"2","US"
4,1,1,2,5,1,"2","US"
4,1,1,2,3,1,"2","US"
4,1,1,2,6,5,"2","US"
4,1,1,2,4,5,"2","US"
4,1,1,9,3,1,"2","US"
4,1,1,9,2,1,"2","US"
4,1,1,3,2,1,"2","US"
4,1,1,3,2,1,"2","US"
4,1,1,5,6,5,"2","US"
4,1,1,5,4,5,"2","US"
4,2,1,3,2,5,"2","US"
4,2,1,3,2,5,"2","US"
4,2,1,6,4,1,"2","US"
4,2,1,6,3,1,"2","US"
4,1,1,8,3,5,"2","US"
4,1,1,8,3,5,"2","US"
4,1,1,3,4,1,"2","US"
4,1,1,3,3,1,"2","US"
4,2,1,2,1,5,"3","IN"
4,2,1,4,5,1,"2","US"
4,2,1,4,3,1,"2","US"
4,1,1,1,3,1,"2","US"
4,1,1,1,3,1,"2","US"
4,1,1,2,3,1,"2","US"
4,1,1,2,2,1,"2","US"
4,4,1,1,5,5,"2","US"
4,4,1,1,3,5,"2","US"
4,3,1,9,3,1,"2","US"
4,3,1,9,2,1,"2","US"
4,1,1,1,3,1,"2","US"
4,1,1,1,2,1,"2","US"
4,3,1,3,2,5,"2","US"
4,3,1,3,2,5,"2","US"
4,2,1,5,4,1,"2","US"
4,2,1,5,4,1,"2","US"
4,1,1,1,4,5,"2","US"
4,1,1,1,3,5,"2","US"
4,1,1,3,4,1,"2","US"
4,1,1,3,3,1,"2","US"
4,1,1,4,3,1,"2","US"
4,1,1,4,3,1,"2","US"
4,1,1,1,6,5,"2","US"
4,1,1,1,4,5,"2","US"
4,2,1,2,2,1,"2","ES"
4,2,1,2,1,1,"2","ES"
4,1,1,4,4,1,"2","GB"
4,1,1,4,3,1,"2","GB"
4,1,1,1,3,1,"2","GB"
4,1,1,1,3,1,"2","GB"
4,1,1,1,6,1,"2","US"
4,1,1,1,3,1,"2","US"
4,1,1,1,4,1,"2","US"
4,1,1,1,3,1,"2","US"
4,1,1,6,6,5,"2","CA"
4,1,1,6,3,5,"2","CA"
4,1,1,5,4,5,"2","US"
4,1,1,5,3,5,"2","US"
4,1,1,4,5,1,"2","US"
4,1,1,4,4,1,"2","US"
4,1,1,2,5,1,"2","US"
4,1,1,2,4,1,"2","US"
4,1,1,4,4,1,"2","US"
4,1,1,4,3,1,"2","US"
4,2,1,2,3,1,"2","US"
4,2,1,2,3,1,"2","US"
4,1,1,1,6,1,"2","US"
4,1,1,1,3,1,"2","US"
4,1,1,10,6,1,"2","US"
4,1,1,10,5,1,"2","US"
4,4,1,1,4,1,"2","US"
4,4,1,1,3,1,"2","US"
4,1,1,8,4,5,"2","US"
4,1,1,8,3,5,"2","US"
4,1,1,3,5,5,"2","US"
4,1,1,3,3,5,"2","US"
4,2,1,3,3,5,"2","CA"
4,2,1,3,2,5,"2","CA"
4,1,1,1,3,1,"2","US"
4,1,1,1,3,1,"2","US"
4,2,1,10,3,1,"2","US"
4,2,1,10,2,1,"2","US"
4,1,1,1,4,5,"2","US"
4,1,1,1,3,5,"2","US"
4,3,1,1,3,1,"2","US"
4,3,1,1,2,1,"2","US"
4,2,1,9,4,5,"2","US"
4,2,1,9,3,5,"2","US"
4,1,1,3,3,5,"2","US"
4,1,1,3,2,5,"2","US"
4,1,1,2,5,1,"2","US"
4,1,1,2,4,1,"2","US"
4,2,1,2,4,5,"2","US"
4,2,1,2,3,5,"2","US"
4,1,1,3,4,5,"2","US"
4,1,1,3,3,5,"2","US"
4,1,1,3,4,1,"2","US"
4,1,1,3,3,1,"2","US"
4,1,1,2,4,1,"2","US"
4,1,1,2,3,1,"2","US"
4,1,1,9,5,1,"2","US"
4,1,1,9,3,1,"2","US"
4,1,1,4,4,1,"2","US"
4,1,1,4,3,1,"2","US"
4,2,1,1,6,1,"2","US"
4,2,1,1,4,1,"2","US"
4,1,1,2,4,5,"2","US"
4,1,1,2,3,5,"2","US"
4,2,1,9,7,5,"2","US"
4,2,1,9,3,5,"2","US"
4,1,1,4,4,1,"2","US"
4,1,1,4,3,1,"2","US"
4,2,1,1,5,1,"2","US"
4,2,1,1,4,1,"2","US"
4,1,1,3,4,1,"2","US"
4,1,1,3,3,1,"2","US"
4,1,1,3,4,1,"2","US"
4,1,1,3,3,1,"2","US"
4,3,1,3,2,5,"3","US"
4,1,1,4,5,1,"2","US"
4,1,1,4,4,1,"2","US"
4,4,1,1,7,5,"2","US"
4,4,1,1,5,5,"2","US"
4,1,1,3,3,1,"2","US"
4,1,1,3,3,1,"2","US"
4,3,1,3,3,1,"2","US"
4,3,1,3,2,1,"2","US"
4,1,1,2,3,1,"2","US"
4,1,1,2,2,1,"2","US"
4,2,1,1,3,1,"2","US"
4,2,1,1,2,1,"2","US"
4,1,1,4,3,1,"2","US"
4,1,1,4,3,1,"2","US"
4,1,1,1,3,1,"2","US"
4,1,1,1,3,1,"2","US"
4,2,1,1,3,1,"2","US"
4,2,1,1,3,1,"2","US"
4,2,1,3,2,1,"2","GB"
4,2,1,3,1,1,"2","GB"
4,1,1,1,6,1,"2","US"
4,1,1,1,3,1,"2","US"
4,1,1,3,2,1,"2","US"
4,1,1,3,2,1,"2","US"
4,1,1,3,4,1,"2","US"
4,1,1,3,3,1,"2","US"
4,3,1,9,3,1,"2","US"
4,3,1,9,2,1,"2","US"
4,2,1,1,3,1,"2","US"
4,2,1,1,3,1,"2","US"
4,2,1,2,3,5,"2","US"
4,2,1,2,2,5,"2","US"
4,1,1,2,5,1,"2","US"
4,1,1,2,3,1,"2","US"
4,1,1,1,6,1,"2","US"
4,1,1,1,3,1,"2","US"
4,1,1,3,3,5,"2","US"
4,1,1,3,2,5,"2","US"
4,2,1,2,3,5,"2","US"
4,2,1,2,2,5,"2","US"
4,1,1,2,4,1,"2","US"
4,1,1,2,3,1,"2","US"
4,1,1,2,5,1,"2","US"
4,1,1,2,3,1,"2","US"
4,1,1,4,5,1,"2","US"
4,1,1,4,3,1,"2","US"
4,1,1,1,3,5,"2","US"
4,1,1,1,2,5,"2","US"
4,2,1,1,4,1,"2","US"
4,2,1,1,3,1,"2","US"
4,1,1,2,4,1,"2","US"
4,1,1,2,3,1,"2","US"
4,2,1,3,2,5,"2","GB"
4,2,1,3,1,5,"2","GB"
4,1,1,3,4,1,"2","US"
4,1,1,3,3,1,"2","US"
4,1,1,2,6,5,"2","US"
4,1,1,2,4,5,"2","US"
4,1,1,1,4,1,"2","US"
4,1,1,1,3,1,"2","US"
4,1,1,1,4,1,"2","US"
4,1,1,1,3,1,"2","US"
4,1,1,1,4,5,"2","US"
4,1,1,1,3,5,"2","US"
4,2,1,1,4,1,"2","US"
4,2,1,1,3,1,"2","US"
4,1,1,2,4,5,"2","US"
4,1,1,2,4,5,"2","US"
4,2,1,1,3,1,"2","GB"
4,2,1,1,3,1,"2","GB"
4,1,1,1,4,1,"2","US"
4,1,1,1,3,1,"2","US"
4,3,1,3,2,5,"2","US"
4,3,1,3,2,5,"2","US"
4,1,1,2,5,1,"2","US"
4,1,1,2,4,1,"2","US"
4,1,1,5,3,1,"2","US"
4,1,1,5,3,1,"2","US"
4,1,1,4,4,1,"2","US"
4,1,1,4,3,1,"2","US"
4,1,1,3,3,5,"2","US"
4,1,1,3,2,5,"2","US"
4,1,1,4,5,1,"2","US"
4,1,1,4,3,1,"2","US"
4,1,1,3,2,1,"2","US"
4,1,1,3,2,1,"2","US"
4,1,1,1,4,1,"2","US"
4,1,1,1,3,1,"2","US"
4,1,1,1,4,1,"2","US"
4,1,1,1,3,1,"2","US"
4,1,1,9,5,1,"2","US"
4,1,1,9,4,1,"2","US"
4,1,1,2,6,1,"2","US"
4,1,1,2,4,1,"2","US"
4,1,1,1,4,5,"2","US"
4,1,1,1,3,5,"2","US"
4,1,1,9,4,1,"2","US"
4,1,1,9,3,1,"2","US"
4,1,1,2,1,1,"2","ES"
4,1,1,2,1,1,"2","ES"
4,1,1,2,3,1,"2","US"
4,1,1,2,3,1,"2","US"
4,3,1,3,1,3,"2","IN"
4,2,1,9,4,1,"2","US"
4,2,1,9,3,1,"2","US"
3,3,2,3,1,5,"1","US"
4,1,1,3,4,5,"2","US"
4,1,1,3,3,5,"2","US"
4,1,1,3,3,5,"2","US"
4,1,1,3,2,5,"2","US"
4,1,1,3,4,5,"2","US"
4,1,1,3,3,5,"2","US"
4,1,1,4,5,1,"2","US"
4,1,1,4,3,1,"2","US"
4,1,1,3,1,5,"1","IN"
4,2,1,4,4,1,"2","US"
4,2,1,4,4,1,"2","US"
4,1,1,1,4,1,"2","US"
4,1,1,1,3,1,"2","US"
4,1,1,3,4,1,"2","US"
4,1,1,3,3,1,"2","US"
4,1,1,4,5,1,"2","US"
4,1,1,4,3,1,"2","US"
4,1,1,3,4,1,"2","US"
4,1,1,3,3,1,"2","US"
4,1,1,2,3,5,"2","US"
4,1,1,2,3,5,"2","US"
4,1,1,3,3,1,"2","US"
4,1,1,3,3,1,"2","US"
4,1,1,4,4,1,"2","US"
4,1,1,4,3,1,"2","US"
4,4,1,1,7,5,"2","US"
4,4,1,1,5,5,"2","US"
4,1,1,3,4,1,"2","US"
4,1,1,3,3,1,"2","US"
4,1,1,2,4,1,"2","US"
4,1,1,2,3,1,"2","US"
4,1,1,4,5,1,"2","US"
4,1,1,4,4,1,"2","US"
4,1,1,8,4,1,"2","US"
4,1,1,8,3,1,"2","US"
4,1,1,4,3,1,"2","US"
4,1,1,4,3,1,"2","US"
4,2,1,1,3,1,"2","US"
4,2,1,1,2,1,"2","US"
4,1,1,1,3,1,"2","US"
4,1,1,1,3,1,"2","US"
4,1,1,4,3,1,"2","US"
4,1,1,4,3,1,"2","US"
4,1,1,3,4,5,"2","US"
4,1,1,3,2,5,"2","US"
4,1,1,1,2,1,"2","US"
4,1,1,1,2,1,"2","US"
4,1,1,1,3,1,"2","US"
4,1,1,1,2,1,"2","US"
4,1,1,1,4,1,"2","US"
4,1,1,1,3,1,"2","US"
4,1,1,3,4,5,"2","US"
4,1,1,3,2,5,"2","US"
4,1,1,1,3,1,"2","US"
4,1,1,1,2,1,"2","US"
4,1,1,2,3,1,"2","US"
4,1,1,2,2,1,"2","US"
4,1,1,3,4,1,"2","US"
4,1,1,3,3,1,"2","US"
4,1,1,10,4,1,"2","US"
4,1,1,10,3,1,"2","US"
4,1,1,3,5,1,"2","US"
4,1,1,3,4,1,"2","US"
4,1,1,3,4,1,"2","US"
4,1,1,3,3,1,"2","US"
4,1,1,3,4,5,"2","US"
4,1,1,3,3,5,"2","US"
4,1,1,1,6,1,"2","US"
4,1,1,1,4,1,"2","US"
3,3,1,2,4,5,"2","US"
4,1,1,3,2,1,"2","US"
4,1,1,3,2,1,"2","US"
4,1,1,2,3,1,"2","US"
4,1,1,2,2,1,"2","US"
4,1,1,1,4,1,"2","US"
4,1,1,1,2,1,"2","US"
4,1,1,1,5,5,"2","US"
4,1,1,1,3,5,"2","US"
4,1,1,1,4,1,"2","US"
4,1,1,1,3,1,"2","US"
4,1,1,4,4,1,"2","US"
4,1,1,4,3,1,"2","US"
4,1,1,1,3,5,"2","US"
4,1,1,1,2,5,"2","US"
4,1,1,4,6,5,"2","CA"
4,1,1,4,4,5,"2","CA"
4,1,1,5,4,1,"2","US"
4,1,1,5,3,1,"2","US"
4,1,1,1,6,5,"2","US"
4,1,1,1,5,5,"2","US"
4,1,1,1,4,1,"2","US"
4,1,1,1,4,1,"2","US"
4,1,1,2,7,1,"2","US"
4,1,1,2,5,1,"2","US"
4,1,1,2,7,1,"2","US"
4,1,1,2,5,1,"2","US"
4,1,1,5,4,1,"2","US"
4,1,1,5,3,1,"2","US"
4,1,1,2,8,1,"2","US"
4,1,1,2,5,1,"2","US"
4,2,1,1,3,5,"3","GB"
4,1,1,3,3,5,"1","US"
4,1,1,3,2,5,"1","US"
4,3,1,3,2,1,"2","US"
4,3,1,3,1,1,"2","US"
4,1,1,3,2,1,"2","US"
4,1,1,3,2,1,"2","US"
4,1,1,1,3,5,"2","US"
4,1,1,1,2,5,"2","US"
4,1,1,4,7,1,"2","US"
4,1,1,4,4,1,"2","US"
4,1,1,4,4,5,"2","US"
4,1,1,4,4,5,"2","US"
4,1,1,4,4,5,"2","US"
4,1,1,4,3,5,"2","US"
4,1,1,4,5,5,"2","US"
4,1,1,4,4,5,"2","US"
4,1,1,4,4,5,"2","US"
4,1,1,4,3,5,"2","US"
4,1,1,10,6,1,"2","US"
4,1,1,10,5,1,"2","US"
4,1,1,1,3,5,"2","US"
4,1,1,1,2,5,"2","US"
4,2,1,4,3,1,"2","US"
4,2,1,4,3,1,"2","US"
4,1,1,8,5,1,"2","US"
4,1,1,8,3,1,"2","US"
4,1,1,2,3,1,"2","US"
4,1,1,2,2,1,"2","US"
4,1,1,1,4,1,"2","US"
4,1,1,1,4,1,"2","US"
4,2,1,3,2,1,"2","US"
4,2,1,3,2,1,"2","US"
4,1,1,1,6,5,"2","US"
4,1,1,1,3,5,"2","US"
4,1,1,1,4,1,"2","US"
4,1,1,1,4,1,"2","US"
4,4,1,1,7,5,"2","US"
4,4,1,1,5,5,"2","US"
4,1,1,3,3,5,"2","US"
4,1,1,3,2,5,"2","US"
4,1,1,2,4,1,"2","US"
4,1,1,2,3,1,"2","US"
4,2,1,1,3,5,"2","US"
4,2,1,1,3,5,"2","US"
4,1,1,1,6,5,"2","US"
4,1,1,1,3,5,"2","US"
4,3,2,3,1,5,"3","IN"
4,1,1,2,5,1,"2","US"
4,1,1,2,4,1,"2","US"
4,1,1,1,3,1,"2","US"
4,1,1,1,3,1,"2","US"
4,2,1,1,3,1,"2","US"
4,2,1,1,2,1,"2","US"
4,1,1,2,4,1,"2","US"
4,1,1,2,3,1,"2","US"
4,1,1,4,3,1,"2","US"
4,1,1,4,3,1,"2","US"
4,1,1,3,3,5,"2","US"
4,1,1,3,2,5,"2","US"
4,1,1,3,4,1,"2","US"
4,1,1,3,3,1,"2","US"
4,1,1,4,6,5,"2","US"
4,1,1,4,3,5,"2","US"
4,1,1,4,6,5,"2","US"
4,1,1,4,3,5,"2","US"
4,2,1,1,3,1,"2","US"
4,2,1,1,2,1,"2","US"
4,1,1,2,5,5,"2","US"
4,1,1,2,4,5,"2","US"
4,1,1,8,4,5,"2","US"
4,1,1,8,3,5,"2","US"
4,3,1,3,2,5,"2","US"
4,3,1,3,2,5,"2","US"
4,1,1,4,5,1,"2","US"
4,1,1,4,3,1,"2","US"
4,1,1,2,5,5,"2","US"
4,1,1,2,4,5,"2","US"
3,3,1,2,2,1,"2","US"
4,2,1,4,1,5,"2","GB"
4,1,1,4,3,1,"2","US"
4,1,1,4,2,1,"2","US"
4,1,1,1,5,1,"2","US"
4,1,1,1,4,1,"2","US"
4,1,1,3,5,1,"2","US"
4,1,1,3,3,1,"2","US"
4,1,1,1,4,5,"2","US"
4,1,1,1,4,5,"2","US"
4,1,1,8,4,5,"2","US"
4,1,1,8,4,5,"2","US"
4,1,1,1,4,1,"2","US"
4,1,1,1,3,1,"2","US"
4,1,1,3,2,5,"2","ES"
4,1,1,3,2,5,"2","ES"
4,3,1,3,2,5,"3","US"
4,3,1,3,1,3,"3","US"
4,1,1,1,5,1,"2","US"
4,1,1,1,3,1,"2","US"
4,1,1,1,6,1,"2","US"
4,1,1,1,3,1,"2","US"
4,3,1,2,1,1,"3","IN"
4,1,1,3,2,1,"2","US"
4,1,1,3,2,1,"2","US"
4,1,1,1,5,5,"2","US"
4,1,1,1,4,5,"2","US"
4,3,1,3,2,5,"2","US"
4,3,1,3,2,5,"2","US"
4,1,1,3,4,1,"2","US"
4,1,1,3,3,1,"2","US"
4,2,1,3,4,1,"2","US"
4,2,1,3,3,1,"2","US"
4,1,1,3,3,5,"2","US"
4,1,1,3,2,5,"2","US"
4,1,1,1,4,1,"2","US"
4,1,1,1,2,1,"2","US"
4,1,1,1,5,5,"2","US"
4,1,1,1,2,5,"2","US"
4,1,1,9,6,1,"2","ES"
4,1,1,9,4,1,"2","ES"
4,1,1,9,6,1,"2","ES"
4,1,1,9,4,1,"2","ES"
4,2,1,2,4,1,"2","US"
4,2,1,2,3,1,"2","US"
4,1,1,1,3,1,"2","US"
4,1,1,1,2,1,"2","US"
4,1,1,1,5,5,"2","US"
4,1,1,1,4,5,"2","US"
4,1,1,4,5,1,"2","US"
4,1,1,4,4,1,"2","US"
4,4,1,1,5,1,"2","US"
4,4,1,1,5,1,"2","US"
4,1,1,8,4,5,"2","US"
4,1,1,8,3,5,"2","US"
4,1,1,8,4,5,"2","US"
4,1,1,8,3,5,"2","US"
4,1,1,10,5,5,"2","US"
4,1,1,10,3,5,"2","US"
4,1,1,4,6,1,"2","US"
4,1,1,4,4,1,"2","US"
4,1,1,1,4,5,"2","US"
4,1,1,1,2,5,"2","US"
4,2,1,3,3,1,"2","US"
4,2,1,3,3,1,"2","US"
4,2,1,3,3,1,"2","GB"
4,2,1,3,2,1,"2","GB"
4,3,1,3,2,1,"2","US"
4,3,1,3,1,1,"2","US"
4,3,1,3,2,3,"2","US"
4,1,1,1,5,5,"2","US"
4,1,1,1,4,5,"2","US"
4,1,1,4,7,5,"2","US"
4,1,1,4,4,5,"2","US"
4,1,1,3,8,1,"2","US"
4,1,1,3,2,1,"2","US"
4,2,1,3,3,5,"2","US"
4,2,1,3,2,5,"2","US"
4,1,1,2,3,5,"2","US"
4,1,1,2,3,5,"2","US"
4,1,1,3,4,1,"2","US"
4,1,1,3,3,1,"2","US"
4,1,1,3,2,5,"2","US"
4,1,1,3,2,5,"2","US"
4,1,1,1,5,1,"2","US"
4,1,1,1,3,1,"2","US"
4,1,1,2,4,5,"2","US"
4,1,1,2,2,5,"2","US"
4,4,1,1,5,5,"2","US"
4,4,1,1,3,5,"2","US"
4,1,1,3,4,5,"2","US"
4,1,1,3,3,5,"2","US"
4,1,1,2,3,1,"2","US"
4,1,1,2,2,1,"2","US"
4,1,1,2,4,1,"2","US"
4,1,1,2,3,1,"2","US"
4,1,1,9,8,1,"2","US"
4,1,1,9,4,1,"2","US"
4,1,1,2,5,5,"2","US"
4,1,1,2,4,5,"2","US"
4,2,1,4,3,1,"2","GB"
4,2,1,4,2,1,"2","GB"
4,1,1,2,5,1,"2","US"
4,1,1,2,3,1,"2","US"
4,2,1,4,3,1,"2","GB"
4,2,1,4,3,1,"2","GB"
4,3,1,2,3,3,"1","US"
4,1,1,1,3,1,"2","US"
4,1,1,1,2,1,"2","US"
4,2,1,1,2,5,"2","GB"
4,2,1,1,2,5,"2","GB"
4,2,1,3,2,1,"2","GB"
4,2,1,3,2,1,"2","GB"
4,4,1,1,6,5,"2","US"
4,4,1,1,5,5,"2","US"
4,1,1,9,5,1,"2","CA"
4,1,1,9,3,1,"2","CA"
4,2,1,2,4,5,"2","US"
4,2,1,2,3,5,"2","US"
4,2,1,1,2,5,"2","ES"
4,2,1,1,2,5,"2","ES"
4,3,1,2,1,3,"3","IN"
4,1,1,2,5,1,"2","US"
4,1,1,2,4,1,"2","US"
4,1,1,2,4,1,"2","GB"
4,1,1,2,3,1,"2","GB"
3,3,1,2,4,5,"2","US"
4,2,1,9,2,1,"2","US"
4,2,1,9,2,1,"2","US"
4,1,1,4,5,1,"2","US"
4,1,1,4,3,1,"2","US"
4,1,1,1,5,1,"2","US"
4,1,1,1,3,1,"2","US"
4,1,1,2,5,5,"2","US"
4,1,1,2,4,5,"2","US"
4,1,1,1,4,1,"2","US"
4,1,1,1,3,1,"2","US"
4,1,1,4,4,1,"2","US"
4,1,1,4,3,1,"2","US"
4,1,1,6,5,1,"2","US"
4,1,1,6,3,1,"2","US"
4,1,1,1,3,1,"2","US"
4,1,1,1,3,1,"2","US"
4,2,1,1,4,1,"2","US"
4,2,1,1,3,1,"2","US"
4,1,1,1,3,5,"2","US"
4,1,1,1,3,5,"2","US"
4,4,1,1,4,1,"2","US"
4,4,1,1,3,1,"2","US"
4,1,1,1,5,1,"2","US"
4,1,1,1,3,1,"2","US"
4,1,1,1,6,1,"2","US"
4,1,1,1,3,1,"2","US"
4,1,1,4,3,1,"2","US"
4,1,1,4,3,1,"2","US"
4,1,1,1,6,1,"2","US"
4,1,1,1,3,1,"2","US"
4,1,1,2,5,1,"2","US"
4,1,1,2,4,1,"2","US"
3,2,1,9,1,5,"3","IN"
4,2,1,4,3,5,"3","US"
4,1,1,1,6,5,"2","US"
4,1,1,1,4,5,"2","US"
4,2,1,3,3,1,"2","US"
4,2,1,3,2,1,"2","US"
4,1,1,3,4,1,"2","US"
4,1,1,3,3,1,"2","US"
4,1,1,1,3,1,"2","US"
4,1,1,1,2,1,"2","US"
4,1,1,7,5,1,"2","US"
4,1,1,7,4,1,"2","US"
4,1,1,2,4,5,"2","US"
4,1,1,2,3,5,"2","US"
4,4,1,1,4,1,"2","US"
4,4,1,1,3,1,"2","US"
4,2,1,3,3,1,"2","US"
4,2,1,3,2,1,"2","US"
4,1,1,2,3,1,"2","US"
4,1,1,2,2,1,"2","US"
4,1,1,3,4,1,"2","US"
4,1,1,3,3,1,"2","US"
4,3,1,1,4,1,"2","US"
4,3,1,1,3,1,"2","US"
4,1,1,2,4,1,"2","US"
4,1,1,2,3,1,"2","US"
4,1,1,4,5,1,"2","US"
4,1,1,4,3,1,"2","US"
4,1,1,7,7,1,"3","US"
4,1,1,7,6,1,"3","US"
4,1,1,3,3,1,"2","US"
4,1,1,3,2,1,"2","US"
4,1,1,4,6,1,"2","US"
4,1,1,4,4,1,"2","US"
4,4,1,1,7,5,"2","US"
4,4,1,1,5,5,"2","US"
4,1,1,2,5,5,"2","US"
4,1,1,2,4,5,"2","US"
4,2,1,4,4,5,"2","US"
4,2,1,4,3,5,"2","US"
4,1,1,2,5,1,"2","US"
4,1,1,2,4,1,"2","US"
4,1,1,2,5,5,"2","US"
4,1,1,2,4,5,"2","US"
4,1,1,3,4,1,"2","US"
4,1,1,3,3,1,"2","US"
4,1,1,1,5,1,"2","US"
4,1,1,1,4,1,"2","US"
4,2,1,3,3,1,"2","US"
4,2,1,3,2,1,"2","US"
3,2,1,2,4,5,"3","US"
4,1,1,2,5,5,"2","US"
4,1,1,2,3,5,"2","US"
4,1,1,2,5,5,"2","US"
4,1,1,2,3,5,"2","US"
4,1,1,8,4,1,"2","US"
4,1,1,8,3,1,"2","US"
4,1,1,3,3,5,"2","US"
4,1,1,3,2,5,"2","US"
4,1,1,3,4,5,"2","US"
4,1,1,3,3,5,"2","US"
4,1,1,1,4,5,"2","US"
4,1,1,1,3,5,"2","US"
4,1,1,1,6,1,"2","US"
4,1,1,1,3,1,"2","US"
4,1,1,2,6,5,"2","US"
4,1,1,2,4,5,"2","US"
4,3,1,3,1,5,"1","US"
4,2,1,10,5,1,"2","US"
4,2,1,10,4,1,"2","US"
4,2,1,3,5,1,"2","US"
4,2,1,3,4,1,"2","US"
4,1,1,5,4,5,"2","US"
4,1,1,5,4,5,"2","US"
4,1,1,5,5,5,"2","US"
4,1,1,5,3,5,"2","US"
4,1,1,1,4,5,"2","CA"
4,1,1,1,2,5,"2","CA"
4,1,1,1,5,1,"3","US"
4,1,1,1,3,1,"3","US"
4,1,1,1,4,5,"2","US"
4,1,1,1,2,5,"2","US"
4,3,1,2,3,1,"2","US"
4,3,1,2,2,1,"2","US"
4,2,1,3,3,1,"2","US"
4,2,1,3,2,1,"2","US"
4,1,1,2,6,5,"2","US"
4,1,1,2,4,5,"2","US"
4,1,1,2,6,5,"2","US"
4,1,1,2,4,5,"2","US"
4,1,1,3,4,5,"2","US"
4,1,1,3,3,5,"2","US"
4,1,1,1,4,1,"2","US"
4,1,1,1,3,1,"2","US"
4,1,1,1,5,1,"2","US"
4,1,1,1,3,1,"2","US"
4,1,1,3,3,1,"2","US"
4,1,1,3,2,1,"2","US"
4,1,1,2,3,1,"2","US"
4,1,1,2,3,1,"2","US"
4,1,1,1,2,5,"2","US"
4,1,1,1,2,5,"2","US"
4,1,1,1,5,1,"2","US"
4,1,1,1,4,1,"2","US"
4,1,1,1,5,5,"2","US"
4,1,1,1,3,5,"2","US"
4,2,1,1,3,1,"2","US"
4,2,1,1,2,1,"2","US"
4,1,1,1,4,1,"2","US"
4,1,1,1,3,1,"2","US"
4,1,1,1,4,5,"2","US"
4,1,1,1,3,5,"2","US"
4,3,1,2,1,3,"1","IN"
4,2,1,1,5,1,"2","US"
4,2,1,1,4,1,"2","US"
4,1,1,2,3,5,"2","US"
4,1,1,2,3,5,"2","US"
4,2,1,3,2,1,"2","US"
4,2,1,3,2,1,"2","US"
4,1,1,2,3,5,"2","US"
4,1,1,2,2,5,"2","US"
4,2,1,3,2,1,"2","US"
4,2,1,3,2,1,"2","US"
4,1,1,6,4,1,"2","US"
4,1,1,6,3,1,"2","US"
4,1,1,1,3,1,"2","US"
4,1,1,1,2,1,"2","US"
4,1,1,1,6,1,"2","US"
4,1,1,1,3,1,"2","US"
4,2,1,3,3,1,"2","US"
4,2,1,3,2,1,"2","US"
4,1,1,1,5,1,"2","US"
4,1,1,1,3,1,"2","US"
4,1,1,2,4,1,"2","US"
4,1,1,2,4,1,"2","US"
4,1,1,1,4,5,"2","US"
4,1,1,1,3,5,"2","US"
4,2,1,1,3,1,"2","US"
4,2,1,1,3,1,"2","US"
4,1,1,2,5,1,"2","US"
4,1,1,2,4,1,"2","US"
4,1,1,2,6,1,"2","US"
4,1,1,2,3,1,"2","US"
4,1,1,1,5,1,"3","US"
4,1,1,1,3,1,"3","US"
4,1,1,10,6,1,"2","US"
4,1,1,10,5,1,"2","US"
4,1,1,9,5,1,"2","US"
4,1,1,9,4,1,"2","US"
4,1,1,3,2,1,"2","ES"
4,1,1,3,1,1,"2","ES"
4,1,1,3,2,1,"2","ES"
4,1,1,3,1,1,"2","ES"
4,3,1,1,4,1,"2","US"
4,3,1,1,3,1,"2","US"
4,2,1,1,3,5,"2","US"
4,2,1,1,2,5,"2","US"
4,1,1,1,5,5,"2","US"
4,1,1,1,2,5,"2","US"
4,1,1,2,5,5,"2","US"
4,1,1,2,3,5,"2","US"
4,1,1,2,3,5,"2","US"
4,1,1,2,2,5,"2","US"
4,2,1,3,3,5,"2","US"
4,2,1,3,2,5,"2","US"
4,1,1,8,4,1,"2","US"
4,1,1,8,3,1,"2","US"
4,2,1,2,4,1,"2","US"
4,2,1,2,4,1,"2","US"
4,1,1,3,3,5,"2","US"
4,1,1,3,3,5,"2","US"
4,1,1,2,5,1,"2","US"
4,1,1,2,4,1,"2","US"
4,1,1,8,4,1,"2","US"
4,1,1,8,3,1,"2","US"
4,1,1,2,5,1,"2","US"
4,1,1,2,3,1,"2","US"
4,1,1,1,6,1,"2","US"
4,1,1,1,3,1,"2","US"
4,1,1,2,4,1,"2","US"
4,1,1,2,3,1,"2","US"
4,1,1,1,3,1,"2","US"
4,1,1,1,2,1,"2","US"
4,4,1,2,6,1,"2","US"
4,4,1,2,4,1,"2","US"
4,2,1,3,3,1,"2","US"
4,2,1,3,3,1,"2","US"
4,1,1,1,6,1,"2","US"
4,1,1,1,3,1,"2","US"
3,2,1,2,3,5,"3","US"
4,1,1,2,3,5,"2","US"
4,1,1,2,3,5,"2","US"
4,1,1,2,4,5,"2","US"
4,1,1,2,3,5,"2","US"
4,2,1,3,2,1,"2","GB"
4,2,1,3,1,1,"2","GB"
4,2,1,1,3,1,"2","US"
4,2,1,1,2,1,"2","US"
4,1,1,2,4,1,"2","US"
4,1,1,2,3,1,"2","US"
4,1,1,2,4,1,"2","US"
4,1,1,2,4,1,"2","US"
4,1,1,2,5,5,"2","US"
4,1,1,2,4,5,"2","US"
4,1,1,4,5,1,"2","US"
4,1,1,4,3,1,"2","US"
4,2,1,4,3,1,"2","US"
4,2,1,4,2,1,"2","US"
4,3,1,2,1,5,"2","US"
4,1,1,6,5,5,"2","US"
4,1,1,6,5,5,"2","US"
4,1,1,2,5,1,"2","US"
4,1,1,2,4,1,"2","US"
4,1,1,2,4,1,"2","US"
4,1,1,2,3,1,"2","US"
4,1,1,1,5,5,"2","US"
4,1,1,1,4,5,"2","US"
4,1,1,9,4,1,"2","US"
4,1,1,9,3,1,"2","US"
4,1,1,1,4,5,"2","US"
4,1,1,1,3,5,"2","US"
4,1,1,1,6,1,"2","US"
4,1,1,1,4,1,"2","US"
4,4,1,1,4,1,"2","US"
4,4,1,1,4,1,"2","US"
4,1,1,2,4,1,"2","US"
4,1,1,2,3,1,"2","US"
4,2,1,1,2,5,"2","ES"
4,2,1,1,2,5,"2","ES"
4,2,1,3,3,1,"2","US"
4,2,1,3,2,1,"2","US"
4,1,1,5,5,1,"2","US"
4,1,1,5,4,1,"2","US"
4,1,1,4,3,1,"2","US"
4,1,1,4,3,1,"2","US"
4,2,1,1,3,1,"2","US"
4,2,1,1,2,1,"2","US"
4,1,1,8,4,5,"2","US"
4,1,1,8,3,5,"2","US"
4,1,1,1,3,5,"2","US"
4,1,1,1,2,5,"2","US"
4,2,1,3,3,1,"2","US"
4,2,1,3,2,1,"2","US"
4,1,1,9,3,1,"2","US"
4,1,1,9,3,1,"2","US"
4,1,1,10,6,5,"2","US"
4,1,1,10,4,5,"2","US"
4,1,1,2,6,5,"2","US"
4,1,1,2,4,5,"2","US"
4,1,1,1,5,5,"2","US"
4,1,1,1,3,5,"2","US"
4,1,1,2,3,5,"2","US"
4,1,1,2,2,5,"2","US"
4,2,1,4,5,3,"3","US"
4,1,1,7,5,5,"2","US"
4,1,1,7,4,5,"2","US"
4,2,1,3,3,1,"2","US"
4,2,1,3,2,1,"2","US"
4,1,1,1,4,1,"2","US"
4,1,1,1,3,1,"2","US"
4,1,1,2,4,1,"2","US"
4,1,1,2,3,1,"2","US"
4,1,1,7,3,1,"3","US"
4,1,1,7,2,1,"3","US"
4,1,1,1,4,5,"2","US"
4,1,1,1,3,5,"2","US"
4,2,1,4,4,5,"2","US"
4,2,1,4,3,5,"2","US"
4,1,1,3,5,1,"2","US"
4,1,1,3,3,1,"2","US"
4,2,1,2,4,1,"2","US"
4,2,1,2,4,1,"2","US"
3,3,2,3,1,5,"3","US"
4,1,1,9,5,1,"2","US"
4,1,1,9,4,1,"2","US"
4,2,1,4,3,1,"2","GB"
4,2,1,4,2,1,"2","GB"
4,1,1,2,3,5,"2","US"
4,1,1,2,3,5,"2","US"
4,1,1,2,4,5,"2","US"
4,1,1,2,3,5,"2","US"
4,1,1,1,4,1,"2","US"
4,1,1,1,3,1,"2","US"
4,1,1,1,7,1,"2","US"
4,1,1,1,5,1,"2","US"
4,1,1,6,6,1,"2","US"
4,1,1,6,5,1,"2","US"
4,1,1,1,5,1,"2","US"
4,1,1,1,3,1,"2","US"
4,1,1,3,3,1,"2","US"
4,1,1,3,2,1,"2","US"
4,1,1,3,3,5,"2","US"
4,1,1,3,2,5,"2","US"
4,2,1,1,3,1,"2","US"
4,2,1,1,2,1,"2","US"
2,1,1,2,2,5,"3","IN"
4,1,1,1,5,5,"2","US"
4,1,1,1,3,5,"2","US"
4,1,1,1,4,1,"2","US"
4,1,1,1,4,1,"2","US"
4,3,1,1,4,1,"2","US"
4,3,1,1,3,1,"2","US"
3,3,1,2,2,5,"2","US"
4,1,1,9,4,1,"2","US"
4,1,1,9,3,1,"2","US"
4,1,1,9,5,1,"2","US"
4,1,1,9,4,1,"2","US"
4,1,1,2,6,1,"2","US"
4,1,1,2,4,1,"2","US"
4,1,1,2,4,1,"2","US"
4,1,1,2,3,1,"2","US"
4,1,1,1,4,1,"2","US"
4,1,1,1,4,1,"2","US"
4,1,1,4,5,1,"2","US"
4,1,1,4,3,1,"2","US"
4,2,1,2,3,1,"2","US"
4,2,1,2,3,1,"2","US"
4,1,1,1,4,5,"2","US"
4,1,1,1,4,5,"2","US"
4,1,1,4,5,1,"2","US"
4,1,1,4,3,1,"2","US"
4,1,1,3,4,5,"2","US"
4,1,1,3,2,5,"2","US"
4,1,1,8,4,1,"2","US"
4,1,1,8,3,1,"2","US"
4,1,1,2,3,1,"2","CA"
4,1,1,2,3,1,"2","CA"
4,1,1,7,4,5,"2","US"
4,1,1,7,3,5,"2","US"
4,1,1,2,3,1,"2","US"
4,1,1,2,3,1,"2","US"
4,1,1,8,4,1,"2","US"
4,1,1,8,3,1,"2","US"
4,1,1,2,4,1,"2","US"
4,1,1,2,3,1,"2","US"
4,1,1,2,3,1,"2","US"
4,1,1,2,3,1,"2","US"
4,1,1,9,5,1,"2","US"
4,1,1,9,3,1,"2","US"
4,1,1,2,3,1,"2","CA"
4,1,1,2,3,1,"2","CA"
4,1,1,1,6,1,"2","US"
4,1,1,1,4,1,"2","US"
4,2,1,4,2,5,"2","GB"
4,2,1,4,2,5,"2","GB"
4,1,1,1,4,1,"2","US"
4,1,1,1,3,1,"2","US"
4,2,1,4,2,5,"2","GB"
4,2,1,4,1,5,"2","GB"
4,1,1,1,4,5,"2","US"
4,1,1,1,3,5,"2","US"
4,1,1,8,4,5,"2","US"
4,1,1,8,3,5,"2","US"
4,1,1,1,4,5,"2","US"
4,1,1,1,2,5,"2","US"
4,1,1,1,5,5,"2","US"
4,1,1,1,4,5,"2","US"
3,2,1,3,1,5,"3","IN"
3,3,1,2,3,1,"2","US"
4,2,1,3,3,1,"2","US"
4,2,1,3,2,1,"2","US"
4,1,1,4,6,1,"3","US"
4,1,1,4,3,1,"3","US"
3,2,1,2,1,5,"3","IN"
4,2,1,2,3,1,"2","US"
4,2,1,2,2,1,"2","US"
4,3,1,1,4,1,"2","US"
4,3,1,1,3,1,"2","US"
3,1,1,1,4,1,"2","US"
3,1,1,1,4,1,"2","US"
3,1,1,1,4,1,"2","US"
3,1,1,1,3,1,"2","US"
3,1,1,2,3,1,"2","US"
3,1,1,2,3,1,"2","US"
3,1,1,1,4,1,"2","US"
3,1,1,1,3,1,"2","US"
3,1,1,1,3,1,"2","US"
3,1,1,1,2,1,"2","US"
3,1,1,1,4,1,"2","US"
3,1,1,1,3,1,"2","US"
3,1,1,1,3,1,"2","US"
3,1,1,1,3,1,"2","US"
3,2,1,3,3,1,"2","US"
3,2,1,3,2,1,"2","US"
3,2,1,2,3,5,"2","US"
3,2,1,2,3,5,"2","US"
3,1,1,2,3,5,"2","US"
3,1,1,2,2,5,"2","US"
3,2,1,1,6,1,"2","US"
3,2,1,1,4,1,"2","US"
3,1,1,1,5,5,"2","US"
3,1,1,1,2,5,"2","US"
3,1,1,4,5,5,"2","US"
3,1,1,4,4,5,"2","US"
3,1,1,2,6,5,"2","US"
3,1,1,2,4,5,"2","US"
3,1,1,2,5,1,"2","US"
3,1,1,2,3,1,"2","US"
3,2,1,3,3,1,"2","US"
3,2,1,3,2,1,"2","US"
3,2,1,1,3,5,"2","US"
3,2,1,1,3,5,"2","US"
3,2,1,1,3,1,"2","US"
3,2,1,1,2,1,"2","US"
3,3,1,1,4,1,"2","US"
3,3,1,1,3,1,"2","US"
3,1,1,1,5,5,"2","US"
3,1,1,1,3,5,"2","US"
3,3,1,1,2,1,"2","US"
3,3,1,1,2,1,"2","US"
3,1,1,3,3,5,"2","US"
3,1,1,3,3,5,"2","US"
3,1,1,2,3,1,"2","US"
3,1,1,2,3,1,"2","US"
3,2,1,2,3,1,"2","US"
3,2,1,2,3,1,"2","US"
3,1,1,4,5,5,"2","US"
3,1,1,4,5,5,"2","US"
3,1,1,2,4,1,"2","US"
3,1,1,2,4,1,"2","US"
3,1,1,6,5,5,"2","US"
3,1,1,6,4,5,"2","US"
3,2,1,1,3,1,"2","US"
3,2,1,1,3,1,"2","US"
3,2,1,2,2,1,"2","GB"
3,2,1,2,2,1,"2","GB"
3,2,1,1,3,1,"2","US"
3,2,1,1,2,1,"2","US"
3,1,1,4,5,1,"2","US"
3,1,1,4,3,1,"2","US"
3,1,1,4,4,5,"2","US"
3,1,1,4,4,5,"2","US"
3,1,1,1,4,1,"2","US"
3,1,1,1,3,1,"2","US"
3,1,1,1,3,1,"2","US"
3,1,1,1,2,1,"2","US"
3,1,1,10,4,1,"2","US"
3,1,1,10,3,1,"2","US"
3,1,1,1,4,1,"2","US"
3,1,1,1,3,1,"2","US"
3,2,1,3,2,5,"2","US"
3,2,1,3,2,5,"2","US"
3,1,1,7,4,5,"2","US"
3,1,1,7,3,5,"2","US"
3,2,1,2,3,1,"2","US"
3,2,1,2,2,1,"2","US"
3,2,1,2,1,5,"2","US"
3,1,1,1,4,1,"2","US"
3,1,1,1,3,1,"2","US"
3,1,1,1,4,1,"2","US"
3,1,1,1,3,1,"2","US"
3,4,1,1,4,1,"2","US"
3,4,1,1,3,1,"2","US"
3,2,1,1,2,5,"2","GB"
3,2,1,1,2,5,"2","GB"
3,1,1,1,3,1,"2","US"
3,1,1,1,2,1,"2","US"
3,1,1,7,4,5,"2","US"
3,1,1,7,4,5,"2","US"
3,4,1,1,7,5,"2","US"
3,4,1,1,5,5,"2","US"
3,1,1,3,3,1,"2","US"
3,1,1,3,2,1,"2","US"
3,1,1,4,3,1,"2","US"
3,1,1,4,3,1,"2","US"
3,1,1,1,2,1,"2","US"
3,1,1,1,2,1,"2","US"
3,1,1,1,2,1,"2","ES"
3,1,1,1,1,1,"2","ES"
3,2,1,1,4,5,"2","US"
3,2,1,1,3,5,"2","US"
3,1,1,2,4,1,"2","US"
3,1,1,2,3,1,"2","US"
3,2,1,1,1,3,"3","IN"
3,1,1,1,3,1,"2","US"
3,1,1,1,2,1,"2","US"
3,2,1,3,3,1,"2","US"
3,2,1,3,2,1,"2","US"
3,1,1,2,1,1,"2","ES"
3,1,1,2,1,1,"2","ES"
3,1,1,3,3,5,"2","US"
3,1,1,3,2,5,"2","US"
3,1,1,2,4,5,"2","US"
3,1,1,2,3,5,"2","US"
3,1,1,1,3,1,"2","US"
3,1,1,1,2,1,"2","US"
3,2,1,5,3,5,"2","US"
3,2,1,5,2,5,"2","US"
3,1,1,2,5,1,"2","US"
3,1,1,2,3,1,"2","US"
3,3,1,3,2,1,"2","US"
3,3,1,3,1,1,"2","US"
3,1,1,9,5,1,"2","US"
3,1,1,9,3,1,"2","US"
3,1,1,1,4,5,"2","US"
3,1,1,1,3,5,"2","US"
3,1,1,3,3,5,"2","US"
3,1,1,3,3,5,"2","US"
3,1,1,2,5,5,"2","US"
3,1,1,2,3,5,"2","US"
3,1,1,4,5,5,"2","US"
3,1,1,4,3,5,"2","US"
3,1,1,1,5,5,"2","US"
3,1,1,1,3,5,"2","US"
3,1,1,2,4,5,"2","US"
3,1,1,2,4,5,"2","US"
3,2,1,3,3,5,"2","US"
3,2,1,3,2,5,"2","US"
3,1,1,9,5,5,"2","US"
3,1,1,9,3,5,"2","US"
3,1,1,1,4,1,"2","US"
3,1,1,1,3,1,"2","US"
3,2,1,1,3,5,"2","US"
3,2,1,1,2,5,"2","US"
3,1,1,2,3,5,"2","US"
3,1,1,2,3,5,"2","US"
3,1,1,3,3,5,"2","US"
3,1,1,3,2,5,"2","US"
3,3,1,1,4,1,"2","US"
3,3,1,1,3,1,"2","US"
3,1,1,1,5,5,"2","US"
3,1,1,1,3,5,"2","US"
3,4,1,2,4,5,"2","US"
3,4,1,2,3,5,"2","US"
3,1,1,3,3,5,"2","US"
3,1,1,3,2,5,"2","US"
3,1,1,1,5,5,"2","US"
3,1,1,1,3,5,"2","US"
3,1,1,4,5,5,"2","US"
3,1,1,4,5,5,"2","US"
3,2,1,1,4,5,"2","US"
3,2,1,1,4,5,"2","US"
3,2,1,3,8,1,"2","GB"
3,2,1,3,2,1,"2","GB"
3,1,1,3,2,1,"2","ES"
3,1,1,3,1,1,"2","ES"
3,1,1,3,4,1,"2","US"
3,1,1,3,3,1,"2","US"
3,2,1,3,2,5,"2","US"
3,2,1,3,2,5,"2","US"
3,3,1,3,1,3,"3","US"
3,1,1,3,4,1,"2","US"
3,1,1,3,3,1,"2","US"
3,3,1,2,3,1,"2","US"
3,3,1,2,2,1,"2","US"
3,2,1,3,2,5,"2","US"
3,2,1,3,2,5,"2","US"
2,2,1,3,1,3,"3","IN"
3,1,1,1,5,5,"2","US"
3,1,1,1,3,5,"2","US"
3,1,1,1,2,1,"2","ES"
3,1,1,1,1,1,"2","ES"
3,3,1,3,1,3,"3","US"
3,1,1,1,3,1,"2","US"
3,1,1,1,2,1,"2","US"
3,2,1,3,3,1,"2","US"
3,2,1,3,2,1,"2","US"
3,1,1,2,1,1,"2","ES"
3,1,1,2,1,1,"2","ES"
3,1,1,8,4,5,"2","US"
3,1,1,8,3,5,"2","US"
3,1,1,2,3,1,"2","US"
3,1,1,2,2,1,"2","US"
3,1,1,2,4,5,"2","US"
3,1,1,2,3,5,"2","US"
3,1,1,4,4,1,"2","US"
3,1,1,4,3,1,"2","US"
3,1,1,3,3,5,"2","US"
3,1,1,3,2,5,"2","US"
3,1,1,3,3,1,"2","US"
3,1,1,3,2,1,"2","US"
3,1,1,1,4,5,"2","US"
3,1,1,1,3,5,"2","US"
3,1,1,3,5,5,"2","US"
3,1,1,3,2,5,"2","US"
3,1,1,2,4,1,"2","US"
3,1,1,2,3,1,"2","US"
3,1,1,7,5,5,"2","US"
3,1,1,7,4,5,"2","US"
3,2,1,4,3,1,"2","US"
3,2,1,4,2,1,"2","US"
3,2,1,4,5,1,"2","US"
3,2,1,4,3,1,"2","US"
3,1,1,1,4,1,"2","US"
3,1,1,1,3,1,"2","US"
3,1,1,1,5,5,"2","US"
3,1,1,1,3,5,"2","US"
3,2,1,2,4,1,"2","US"
3,2,1,2,3,1,"2","US"
3,3,1,1,4,1,"2","US"
3,3,1,1,3,1,"2","US"
3,1,1,3,4,5,"2","US"
3,1,1,3,3,5,"2","US"
3,1,1,1,4,1,"2","US"
3,1,1,1,3,1,"2","US"
3,1,1,3,2,5,"2","US"
3,1,1,3,2,5,"2","US"
3,1,1,1,4,1,"2","US"
3,1,1,1,4,1,"2","US"
3,1,1,5,4,5,"2","US"
3,1,1,5,3,5,"2","US"
3,1,1,1,3,1,"2","US"
3,1,1,1,2,1,"2","US"
3,1,1,2,3,1,"2","US"
3,1,1,2,2,1,"2","US"
3,1,1,2,5,1,"2","US"
3,1,1,2,4,1,"2","US"
3,1,1,1,4,5,"2","US"
3,1,1,1,3,5,"2","US"
3,2,1,2,3,5,"2","US"
3,1,1,1,4,1,"2","US"
3,1,1,1,2,1,"2","US"
3,1,1,1,5,5,"2","US"
3,1,1,1,4,5,"2","US"
3,1,1,8,3,5,"2","US"
3,1,1,8,3,5,"2","US"
2,1,1,3,3,5,"1","US"
3,1,1,1,2,1,"2","US"
3,1,1,1,2,1,"2","US"
3,1,1,1,3,1,"2","US"
3,1,1,1,2,1,"2","US"
3,1,1,2,4,1,"2","US"
3,1,1,2,3,1,"2","US"
3,2,1,3,3,1,"2","US"
3,2,1,3,2,1,"2","US"
3,1,1,1,5,5,"2","US"
3,1,1,1,4,5,"2","US"
3,1,1,4,5,1,"2","US"
3,1,1,4,3,1,"2","US"
3,2,1,1,4,5,"2","US"
3,2,1,1,2,5,"2","US"
3,1,1,2,1,1,"2","ES"
3,1,1,2,1,1,"2","ES"
3,1,1,1,5,1,"2","US"
3,1,1,1,4,1,"2","US"
3,1,1,2,3,5,"2","US"
3,1,1,2,3,5,"2","US"
3,1,1,2,3,1,"2","US"
3,1,1,2,2,1,"2","US"
3,1,1,6,5,5,"2","US"
3,1,1,6,4,5,"2","US"
3,1,1,1,4,1,"2","US"
3,1,1,1,3,1,"2","US"
3,2,1,2,3,5,"2","US"
3,2,1,2,2,5,"2","US"
3,2,1,3,4,1,"2","US"
3,2,1,3,3,1,"2","US"
3,1,1,1,4,1,"2","CA"
3,1,1,1,3,1,"2","CA"
3,1,1,1,6,1,"2","US"
3,1,1,1,3,1,"2","US"
3,1,1,3,4,1,"2","US"
3,1,1,3,3,1,"2","US"
3,1,1,3,3,5,"2","US"
3,1,1,3,2,5,"2","US"
3,1,1,3,2,1,"2","GB"
3,1,1,3,2,1,"2","GB"
3,1,1,3,3,1,"2","US"
3,1,1,3,2,1,"2","US"
3,1,1,1,4,5,"2","US"
3,1,1,1,3,5,"2","US"
3,1,1,8,4,5,"2","US"
3,1,1,8,3,5,"2","US"
3,1,1,3,2,1,"2","US"
3,1,1,3,2,1,"2","US"
3,3,1,4,4,1,"2","US"
3,3,1,4,3,1,"2","US"
3,1,1,3,3,1,"2","US"
3,1,1,3,2,1,"2","US"
3,2,1,3,4,1,"2","US"
3,2,1,3,3,1,"2","US"
3,2,1,3,5,1,"2","US"
3,2,1,3,4,1,"2","US"
3,1,1,1,3,1,"2","US"
3,1,1,1,3,1,"2","US"
3,3,1,1,4,1,"2","US"
3,3,1,1,3,1,"2","US"
3,2,1,3,3,1,"2","US"
3,2,1,3,2,1,"2","US"
3,2,1,1,3,1,"2","US"
3,2,1,1,2,1,"2","US"
3,1,1,1,2,1,"2","ES"
3,1,1,1,1,1,"2","ES"
3,1,1,1,4,1,"2","US"
3,1,1,1,3,1,"2","US"
3,1,1,1,4,1,"2","US"
3,1,1,1,3,1,"2","US"
3,1,1,1,5,1,"3","US"
3,1,1,1,4,1,"3","US"
3,1,1,1,3,1,"2","US"
3,1,1,1,2,1,"2","US"
3,1,1,2,3,1,"2","US"
3,1,1,2,3,1,"2","US"
3,1,1,3,4,1,"2","US"
3,1,1,3,3,1,"2","US"
3,2,1,3,2,5,"3","US"
3,1,1,1,4,1,"2","US"
3,1,1,1,3,1,"2","US"
3,1,1,5,3,1,"2","US"
3,1,1,5,3,1,"2","US"
3,1,1,1,5,5,"2","US"
3,1,1,1,3,5,"2","US"
3,1,1,1,4,1,"2","US"
3,1,1,1,3,1,"2","US"
3,2,1,2,4,1,"2","US"
3,2,1,2,3,1,"2","US"
3,1,1,2,4,1,"2","US"
3,1,1,2,3,1,"2","US"
3,1,1,2,4,5,"2","US"
3,1,1,2,3,5,"2","US"
3,1,1,8,5,5,"2","US"
3,1,1,8,4,5,"2","US"
3,2,1,1,4,5,"2","US"
3,2,1,1,2,5,"2","US"
3,1,1,1,2,1,"2","ES"
3,1,1,1,1,1,"2","ES"
3,1,1,1,3,1,"2","US"
3,1,1,1,3,1,"2","US"
3,1,1,1,4,1,"2","US"
3,1,1,1,3,1,"2","US"
3,1,1,1,4,1,"2","US"
3,1,1,1,4,1,"2","US"
3,1,1,2,1,1,"2","ES"
3,1,1,2,1,1,"2","ES"
3,1,1,2,4,1,"2","US"
3,1,1,2,3,1,"2","US"
3,1,1,3,3,1,"2","US"
3,1,1,3,2,1,"2","US"
3,2,1,5,3,1,"2","GB"
3,2,1,5,2,1,"2","GB"
3,1,1,1,3,5,"2","US"
3,1,1,1,3,5,"2","US"
3,2,1,3,4,1,"2","US"
3,2,1,3,3,1,"2","US"
3,1,1,2,3,5,"2","US"
3,1,1,2,3,5,"2","US"
3,2,1,3,3,1,"2","US"
3,2,1,3,2,1,"2","US"
3,3,1,1,4,1,"2","US"
3,3,1,1,3,1,"2","US"
3,2,1,1,3,1,"2","US"
3,2,1,1,2,1,"2","US"
3,1,1,1,4,1,"2","US"
3,1,1,1,3,1,"2","US"
3,2,1,3,2,1,"2","CA"
3,2,1,3,2,1,"2","CA"
3,2,1,1,3,1,"2","US"
3,2,1,1,2,1,"2","US"
3,4,1,1,7,5,"2","US"
3,4,1,1,5,5,"2","US"
3,1,1,10,6,1,"2","US"
3,1,1,10,5,1,"2","US"
3,1,1,2,4,5,"2","US"
3,1,1,2,3,5,"2","US"
3,1,1,2,3,5,"2","US"
3,1,1,2,3,5,"2","US"
3,2,1,1,4,5,"2","US"
3,2,1,1,3,5,"2","US"
3,1,1,7,5,5,"2","US"
3,1,1,7,4,5,"2","US"
3,1,1,2,4,1,"2","US"
3,1,1,2,3,1,"2","US"
3,1,1,10,5,1,"2","US"
3,1,1,10,4,1,"2","US"
3,1,1,3,4,1,"2","US"
3,1,1,3,3,1,"2","US"
3,1,1,7,5,5,"2","US"
3,1,1,7,4,5,"2","US"
3,1,1,1,3,1,"2","US"
3,1,1,1,3,1,"2","US"
3,1,1,3,4,1,"2","US"
3,1,1,3,3,1,"2","US"
3,1,1,7,5,5,"2","US"
3,1,1,7,4,5,"2","US"
3,1,1,1,3,1,"2","US"
3,1,1,1,2,1,"2","US"
3,2,1,1,2,1,"2","US"
3,2,1,1,2,1,"2","US"
3,1,1,1,3,1,"2","US"
3,1,1,1,2,1,"2","US"
3,1,1,1,2,5,"2","GB"
3,1,1,1,1,5,"2","GB"
3,2,1,1,4,5,"2","US"
3,2,1,1,3,5,"2","US"
3,3,1,2,2,1,"2","US"
3,1,1,1,5,5,"2","US"
3,1,1,1,3,5,"2","US"
3,1,1,5,4,5,"2","US"
3,1,1,5,3,5,"2","US"
3,1,1,1,5,5,"2","US"
3,1,1,1,3,5,"2","US"
3,1,1,5,5,5,"2","US"
3,1,1,5,3,5,"2","US"
3,1,1,5,5,5,"2","US"
3,1,1,5,3,5,"2","US"
3,1,1,1,4,5,"2","US"
3,1,1,1,3,5,"2","US"
3,1,1,2,5,5,"2","US"
3,1,1,2,3,5,"2","US"
3,1,1,9,6,5,"2","US"
3,1,1,9,4,5,"2","US"
3,1,1,4,5,1,"2","US"
3,1,1,4,3,1,"2","US"
3,1,1,1,4,1,"2","US"
3,1,1,1,3,1,"2","US"
3,1,1,2,1,1,"2","ES"
3,1,1,2,1,1,"2","ES"
3,1,1,4,5,1,"2","US"
3,1,1,4,3,1,"2","US"
3,1,1,2,5,5,"2","US"
3,1,1,2,4,5,"2","US"
3,1,1,2,4,1,"2","US"
3,1,1,2,3,1,"2","US"
3,1,1,4,5,1,"2","US"
3,1,1,4,4,1,"2","US"
3,3,1,1,4,1,"2","US"
3,3,1,1,3,1,"2","US"
3,2,1,3,3,1,"2","US"
3,2,1,3,2,1,"2","US"
3,1,1,3,3,1,"2","US"
3,1,1,3,2,1,"2","US"
3,1,1,2,4,1,"2","US"
3,1,1,2,3,1,"2","US"
3,1,1,7,5,5,"2","US"
3,1,1,7,4,5,"2","US"
3,1,1,1,4,1,"2","US"
3,1,1,1,3,1,"2","US"
3,1,1,2,5,1,"2","US"
3,1,1,2,4,1,"2","US"
3,1,1,3,4,1,"2","US"
3,1,1,3,3,1,"2","US"
3,1,1,4,5,1,"2","US"
3,1,1,4,3,1,"2","US"
3,2,1,4,3,1,"2","GB"
3,2,1,4,2,1,"2","GB"
3,1,1,2,4,1,"2","US"
3,1,1,2,3,1,"2","US"
3,1,1,2,3,1,"2","US"
3,1,1,2,2,1,"2","US"
3,1,1,2,7,5,"2","US"
3,1,1,2,3,5,"2","US"
3,1,1,3,3,5,"2","US"
3,1,1,3,2,5,"2","US"
3,1,1,4,5,1,"2","US"
3,1,1,4,3,1,"2","US"
3,1,1,1,4,5,"2","US"
3,1,1,1,3,5,"2","US"
3,1,1,3,4,1,"2","US"
3,1,1,3,3,1,"2","US"
3,1,1,3,3,1,"2","US"
3,1,1,3,2,1,"2","US"
3,2,1,1,4,1,"2","US"
3,2,1,1,3,1,"2","US"
3,1,1,1,3,5,"2","US"
3,1,1,1,2,5,"2","US"
3,1,1,2,5,1,"2","US"
3,1,1,2,4,1,"2","US"
3,1,1,2,4,5,"2","US"
3,1,1,2,3,5,"2","US"
3,1,1,2,4,1,"2","US"
3,1,1,2,3,1,"2","US"
3,1,1,8,4,5,"2","US"
3,1,1,8,3,5,"2","US"
3,1,1,3,3,1,"2","US"
3,1,1,3,3,1,"2","US"
3,1,1,1,4,5,"2","US"
3,1,1,1,3,5,"2","US"
3,1,1,1,7,5,"2","US"
3,1,1,1,5,5,"2","US"
3,1,1,2,5,5,"2","US"
3,1,1,2,4,5,"2","US"
3,2,1,3,5,1,"2","US"
3,2,1,3,4,1,"2","US"
3,2,1,3,3,1,"2","US"
3,2,1,3,2,1,"2","US"
3,2,1,3,4,1,"2","US"
3,2,1,3,3,1,"2","US"
3,1,1,1,4,5,"2","US"
3,1,1,1,3,5,"2","US"
3,2,1,1,4,5,"2","US"
3,2,1,1,2,5,"2","US"
3,1,1,3,3,5,"2","US"
3,1,1,3,3,5,"2","US"
3,1,1,8,5,5,"2","US"
3,1,1,8,3,5,"2","US"
3,1,1,1,4,5,"2","US"
3,1,1,1,3,5,"2","US"
3,1,1,1,5,1,"2","US"
3,1,1,1,4,1,"2","US"
3,1,1,1,5,1,"2","US"
3,1,1,1,4,1,"2","US"
3,2,1,4,3,1,"2","US"
3,2,1,4,2,1,"2","US"
3,2,1,2,3,5,"2","US"
3,2,1,2,2,5,"2","US"
3,2,1,2,2,5,"2","US"
3,2,1,2,2,5,"2","US"
3,1,1,1,4,5,"2","US"
3,1,1,1,3,5,"2","US"
3,1,1,2,3,5,"2","US"
3,1,1,2,3,5,"2","US"
3,1,1,2,1,1,"2","ES"
3,1,1,2,1,1,"2","ES"
3,1,1,3,4,1,"2","US"
3,1,1,3,3,1,"2","US"
3,3,1,1,2,5,"2","GB"
3,3,1,1,1,5,"2","GB"
3,1,1,1,4,1,"2","US"
3,1,1,1,3,1,"2","US"
3,1,1,2,5,1,"2","US"
3,1,1,2,4,1,"2","US"
3,1,1,1,3,1,"2","US"
3,1,1,1,2,1,"2","US"
3,1,1,1,5,1,"2","US"
3,1,1,1,3,1,"2","US"
3,1,1,2,4,1,"3","US"
3,1,1,2,3,1,"3","US"
3,1,1,1,5,1,"2","US"
3,1,1,1,4,1,"2","US"
3,1,1,2,4,1,"2","US"
3,1,1,2,3,1,"2","US"
3,2,1,3,3,5,"2","US"
3,2,1,3,2,5,"2","US"
3,1,1,3,3,1,"2","US"
3,1,1,3,2,1,"2","US"
3,2,1,2,2,3,"2","GB"
3,3,1,3,2,5,"3","US"
3,1,1,4,4,5,"2","CA"
3,1,1,4,3,5,"2","CA"
3,1,1,3,3,1,"2","US"
3,1,1,3,3,1,"2","US"
3,1,1,1,6,5,"2","US"
3,1,1,1,4,5,"2","US"
3,1,1,2,4,1,"2","US"
3,1,1,2,3,1,"2","US"
3,1,1,3,4,1,"2","US"
3,1,1,3,3,1,"2","US"
3,1,1,3,3,1,"2","US"
3,1,1,3,2,1,"2","US"
3,1,1,5,3,1,"2","GB"
3,1,1,5,2,1,"2","GB"
3,1,1,3,2,1,"2","US"
3,1,1,3,2,1,"2","US"
3,1,1,1,5,5,"2","US"
3,1,1,1,4,5,"2","US"
3,1,1,2,4,5,"2","US"
3,1,1,2,3,5,"2","US"
3,1,1,2,5,1,"2","US"
3,1,1,2,4,1,"2","US"
3,1,1,3,3,5,"2","US"
3,1,1,3,2,5,"2","US"
3,1,1,4,5,1,"2","US"
3,1,1,4,3,1,"2","US"
3,3,2,3,3,3,"1","US"
3,1,1,1,6,1,"2","US"
3,1,1,1,3,1,"2","US"
3,1,1,1,4,5,"2","US"
3,1,1,1,4,5,"2","US"
3,1,1,1,4,1,"2","US"
3,1,1,1,3,1,"2","US"
3,1,1,1,4,1,"2","US"
3,1,1,1,3,1,"2","US"
3,2,1,6,4,5,"2","US"
3,2,1,6,2,5,"2","US"
3,1,1,1,2,5,"2","US"
3,1,1,1,2,5,"2","US"
3,1,1,1,4,1,"2","US"
3,1,1,1,4,1,"2","US"
3,1,1,4,5,5,"2","US"
3,1,1,4,4,5,"2","US"
3,1,1,1,6,1,"2","US"
3,1,1,1,4,1,"2","US"
3,4,1,5,5,5,"2","US"
3,4,1,5,4,5,"2","US"
3,3,1,2,4,5,"2","US"
3,3,1,2,2,5,"2","US"
3,2,1,3,2,1,"2","US"
3,2,1,3,2,1,"2","US"
3,1,1,8,3,1,"2","US"
3,1,1,8,2,1,"2","US"
3,1,1,2,4,1,"2","US"
3,1,1,2,3,1,"2","US"
3,1,1,1,4,1,"2","US"
3,1,1,1,3,1,"2","US"
3,1,1,2,5,1,"3","US"
3,1,1,2,3,1,"3","US"
3,1,1,3,2,1,"2","ES"
3,1,1,3,1,1,"2","ES"
3,1,1,1,4,1,"2","US"
3,1,1,1,2,1,"2","US"
3,1,1,1,4,1,"2","US"
3,1,1,1,3,1,"2","US"
3,1,1,2,4,1,"2","US"
3,1,1,2,3,1,"2","US"
3,1,1,1,4,1,"2","US"
3,1,1,1,3,1,"2","US"
3,1,1,3,3,1,"2","US"
3,1,1,3,2,1,"2","US"
3,1,1,8,7,1,"2","US"
3,1,1,8,5,1,"2","US"
3,1,1,1,3,1,"2","US"
3,1,1,1,3,1,"2","US"
3,1,1,3,4,5,"2","US"
3,1,1,3,3,5,"2","US"
3,1,1,1,5,1,"3","US"
3,1,1,1,3,1,"3","US"
3,1,1,3,5,5,"2","US"
3,1,1,3,2,5,"2","US"
3,3,1,2,2,5,"3","US"
3,3,1,2,2,5,"3","CA"
3,3,1,2,1,3,"3","GB"
3,1,1,1,4,1,"2","US"
3,1,1,1,3,1,"2","US"
3,1,1,3,4,1,"2","US"
3,1,1,3,3,1,"2","US"
3,1,1,1,5,1,"2","US"
3,1,1,1,4,1,"2","US"
3,1,1,2,4,1,"2","US"
3,1,1,2,3,1,"2","US"
3,1,1,2,5,1,"2","US"
3,1,1,2,4,1,"2","US"
3,1,1,2,4,1,"2","US"
3,1,1,2,3,1,"2","US"
3,3,1,4,3,1,"1","US"
3,1,1,2,4,5,"2","US"
3,1,1,2,1,5,"2","US"
3,2,1,3,2,1,"2","US"
3,2,1,3,2,1,"2","US"
3,1,1,2,4,5,"2","US"
3,1,1,2,1,5,"2","US"
3,2,1,1,3,1,"2","GB"
3,2,1,1,2,1,"2","GB"
3,1,1,2,4,5,"2","US"
3,1,1,2,3,5,"2","US"
3,1,1,2,4,5,"2","US"
3,1,1,2,1,5,"2","US"
3,1,1,1,4,1,"2","US"
3,1,1,1,3,1,"2","US"
3,1,1,2,4,5,"2","US"
3,1,1,2,1,5,"2","US"
3,1,1,2,4,5,"2","US"
3,1,1,2,3,5,"2","US"
3,1,1,2,3,1,"2","US"
3,1,1,2,2,1,"2","US"
3,1,1,2,3,5,"1","US"
3,1,1,2,2,5,"1","US"
3,1,1,2,4,1,"2","US"
3,1,1,2,3,1,"2","US"
3,1,1,1,4,1,"2","US"
3,1,1,1,3,1,"2","US"
3,1,1,3,4,1,"2","US"
3,1,1,3,3,1,"2","US"
3,1,1,5,3,1,"2","US"
3,1,1,5,3,1,"2","US"
3,1,1,2,4,1,"2","US"
3,1,1,2,3,1,"2","US"
3,1,1,3,3,1,"2","US"
3,1,1,3,2,1,"2","US"
3,1,1,1,4,5,"2","US"
3,1,1,1,1,5,"2","US"
3,1,1,1,4,1,"2","US"
3,1,1,1,3,1,"2","US"
3,1,1,2,5,1,"2","US"
3,1,1,2,4,1,"2","US"
3,1,1,2,4,5,"2","US"
3,1,1,2,4,5,"2","US"
3,1,1,1,4,1,"2","US"
3,1,1,1,3,1,"2","US"
3,2,1,6,3,5,"3","US"
3,2,1,6,2,5,"3","US"
3,1,1,3,3,5,"2","US"
3,1,1,3,2,5,"2","US"
3,1,1,8,5,5,"2","US"
3,1,1,8,2,5,"2","US"
3,1,1,2,4,5,"2","US"
3,1,1,2,1,5,"2","US"
3,1,1,2,1,1,"2","ES"
3,1,1,2,1,1,"2","ES"
3,2,1,3,3,1,"2","US"
3,2,1,3,2,1,"2","US"
3,2,1,2,3,5,"2","US"
3,2,1,2,3,5,"2","US"
3,1,1,1,4,5,"2","US"
3,1,1,1,3,5,"2","US"
3,1,1,8,4,5,"2","US"
3,1,1,8,4,5,"2","US"
3,2,1,2,3,3,"3","US"
3,1,1,1,4,5,"2","US"
3,1,1,1,4,5,"2","US"
3,1,1,3,3,5,"2","US"
3,1,1,3,2,5,"2","US"
3,1,1,1,6,1,"2","US"
3,1,1,1,5,1,"2","US"
3,1,1,2,4,5,"2","US"
3,1,1,2,3,5,"2","US"
3,1,1,7,4,5,"2","US"
3,1,1,7,3,5,"2","US"
3,1,1,3,2,1,"2","ES"
3,1,1,3,1,1,"2","ES"
3,1,1,2,4,1,"3","US"
3,1,1,2,3,1,"3","US"
3,1,3,3,2,5,"2","US"
3,1,1,1,4,5,"2","US"
3,1,1,1,4,5,"2","US"
3,2,1,5,3,5,"2","US"
3,2,1,5,2,5,"2","US"
3,1,1,4,5,5,"2","US"
3,1,1,4,4,5,"2","US"
3,1,1,1,4,5,"2","US"
3,1,1,1,3,5,"2","US"
3,1,1,5,3,5,"2","US"
3,1,1,5,3,5,"2","US"
3,1,1,1,4,5,"3","US"
3,1,1,1,3,5,"3","US"
3,3,1,3,1,3,"2","US"
3,1,1,4,3,1,"2","CA"
3,1,1,4,3,1,"2","CA"
3,1,1,1,4,5,"2","US"
3,1,1,1,2,5,"2","US"
3,4,1,1,4,5,"2","US"
3,4,1,1,3,5,"2","US"
3,1,1,1,4,5,"2","US"
3,1,1,1,3,5,"2","US"
3,1,1,1,5,1,"3","US"
3,1,1,1,4,1,"3","US"
3,1,1,2,5,1,"3","US"
3,1,1,2,4,1,"3","US"
3,1,1,1,5,1,"3","US"
3,1,1,1,4,1,"3","US"
3,1,1,3,2,5,"2","US"
3,1,1,3,2,5,"2","US"
3,1,1,2,5,5,"3","US"
3,1,1,2,4,5,"3","US"
3,1,1,10,5,5,"2","US"
3,1,1,10,4,5,"2","US"
3,1,1,1,4,5,"2","US"
3,1,1,1,3,5,"2","US"
3,1,1,4,5,5,"2","US"
3,1,1,4,4,5,"2","US"
3,1,1,2,3,5,"2","US"
3,1,1,2,3,5,"2","US"
3,1,1,8,4,5,"2","US"
3,1,1,8,3,5,"2","US"
3,1,1,5,3,5,"2","US"
3,1,1,5,3,5,"2","US"
3,1,1,2,4,5,"2","US"
3,1,1,2,3,5,"2","US"
3,1,1,1,4,5,"2","US"
3,1,1,1,2,5,"2","US"
3,1,1,2,5,1,"2","US"
3,1,1,2,3,1,"2","US"
3,1,1,6,4,5,"3","US"
3,1,1,6,3,5,"3","US"
3,1,1,2,4,5,"2","US"
3,1,1,2,3,5,"2","US"
3,1,1,2,5,5,"2","US"
3,1,1,2,4,5,"2","US"
3,1,1,2,4,5,"2","US"
3,1,1,2,3,5,"2","US"
3,1,1,3,3,1,"2","US"
3,1,1,3,2,1,"2","US"
3,1,1,2,4,5,"2","US"
3,1,1,2,3,5,"2","US"
3,1,1,2,4,5,"2","US"
3,1,1,2,3,5,"2","US"
3,1,1,2,4,5,"2","US"
3,1,1,2,3,5,"2","US"
3,1,1,2,5,5,"2","US"
3,1,1,2,4,5,"2","US"
3,1,1,2,4,5,"2","US"
3,1,1,2,3,5,"2","US"
3,1,1,2,4,5,"2","US"
3,1,1,2,3,5,"2","US"
3,1,1,2,4,5,"2","US"
3,1,1,2,3,5,"2","US"
3,1,1,1,4,1,"2","US"
3,1,1,1,3,1,"2","US"
3,1,1,6,3,5,"2","US"
3,1,1,6,2,5,"2","US"
3,2,1,1,2,5,"2","GB"
3,2,1,1,2,5,"2","GB"
3,1,1,1,3,1,"2","US"
3,1,1,1,3,1,"2","US"
3,1,1,3,2,1,"2","ES"
3,1,1,3,1,1,"2","ES"
3,2,1,2,3,5,"2","GB"
3,3,1,2,1,3,"2","IN"
3,1,1,3,3,5,"2","US"
3,1,1,3,3,5,"2","US"
3,1,1,8,4,5,"3","US"
3,1,1,8,3,5,"3","US"
3,1,1,4,4,5,"3","US"
3,1,1,4,3,5,"3","US"
3,1,1,8,4,5,"3","US"
3,1,1,8,3,5,"3","US"
3,1,1,8,4,5,"2","US"
3,1,1,8,3,5,"2","US"
3,1,1,1,3,5,"2","US"
3,1,1,1,2,5,"2","US"
3,1,1,1,4,5,"2","US"
3,1,1,1,2,5,"2","US"
3,1,1,1,4,5,"3","US"
3,1,1,1,3,5,"3","US"
3,1,1,1,3,5,"2","US"
3,1,1,1,3,5,"2","US"
3,2,1,1,2,5,"2","GB"
3,2,1,1,2,5,"2","GB"
3,1,1,5,4,5,"2","US"
3,1,1,5,3,5,"2","US"
3,1,1,2,4,5,"3","US"
3,1,1,2,4,5,"3","US"
3,1,1,8,4,5,"2","US"
3,1,1,8,3,5,"2","US"
3,1,1,2,4,1,"2","US"
3,1,1,2,4,1,"2","US"
3,4,1,10,5,1,"2","US"
3,4,1,10,4,1,"2","US"
3,2,1,1,3,1,"2","US"
3,2,1,1,2,1,"2","US"
3,1,1,5,3,5,"2","US"
3,1,1,5,2,5,"2","US"
3,4,1,1,6,5,"2","US"
3,4,1,1,6,5,"2","US"
3,1,1,1,4,5,"2","US"
3,3,1,2,2,1,"2","US"
3,3,1,2,2,1,"2","US"
3,1,1,2,3,5,"2","US"
3,1,1,2,3,5,"2","US"
3,1,1,2,4,5,"2","US"
3,1,1,2,3,5,"2","US"
3,2,1,3,3,5,"2","US"
3,2,1,3,3,5,"2","US"
3,1,1,2,4,5,"2","US"
3,1,1,2,3,5,"2","US"
3,1,1,1,5,1,"2","US"
3,1,1,1,4,1,"2","US"
3,1,1,1,6,1,"2","US"
3,1,1,1,3,1,"2","US"
3,1,1,1,5,5,"2","US"
3,1,1,1,2,5,"2","US"
3,1,1,1,4,5,"2","US"
3,1,1,1,3,5,"2","US"
2,3,1,1,1,3,"3","GB"
3,1,1,1,5,5,"2","US"
3,1,1,1,2,5,"2","US"
3,1,1,2,4,5,"2","US"
3,1,1,2,3,5,"2","US"
3,2,1,3,2,5,"3","US"
3,1,1,7,5,5,"2","US"
3,1,1,7,3,5,"2","US"
3,3,1,3,1,5,"3","IN"
3,1,1,2,4,1,"2","US"
3,1,1,2,3,1,"2","US"
3,1,1,5,4,5,"2","US"
3,1,1,5,3,5,"2","US"
3,1,1,1,3,1,"2","US"
3,1,1,1,3,1,"2","US"
3,1,1,2,4,5,"2","US"
3,1,1,2,4,5,"2","US"
3,1,1,2,4,5,"2","US"
3,1,1,2,3,5,"2","US"
3,1,1,2,4,5,"2","US"
3,1,1,2,3,5,"2","US"
3,1,1,2,4,5,"2","US"
3,1,1,2,3,5,"2","US"
3,2,1,1,2,5,"2","GB"
3,2,1,1,2,5,"2","GB"
3,2,1,1,2,5,"2","ES"
3,2,1,1,2,5,"2","ES"
3,1,1,2,4,5,"2","US"
3,1,1,2,3,5,"2","US"
3,1,1,2,4,5,"2","US"
3,1,1,2,3,5,"2","US"
3,1,1,5,3,5,"2","GB"
3,1,1,5,2,5,"2","GB"
3,1,1,2,4,5,"2","US"
3,1,1,2,3,5,"2","US"
3,1,1,1,3,5,"2","GB"
3,1,1,1,2,5,"2","GB"
3,1,1,2,4,5,"2","US"
3,1,1,2,3,5,"2","US"
3,1,1,2,4,1,"2","US"
3,1,1,2,3,1,"2","US"
3,1,1,3,3,1,"3","US"
3,3,1,2,1,3,"2","ES"
3,3,1,3,1,5,"3","US"
3,3,1,1,2,5,"3","US"
3,1,1,2,5,1,"2","US"
3,1,1,2,3,1,"2","US"
3,1,1,5,5,1,"2","US"
3,1,1,5,2,1,"2","US"
3,2,1,2,3,1,"2","GB"
3,2,1,2,3,1,"2","GB"
3,1,1,2,4,5,"2","US"
3,1,1,2,3,5,"2","US"
3,1,1,2,4,5,"2","US"
3,1,1,2,3,5,"2","US"
3,1,1,2,4,5,"2","US"
3,1,1,2,3,5,"2","US"
3,2,1,3,3,1,"3","US"
3,1,1,2,4,5,"2","US"
3,1,1,2,3,5,"2","US"
3,1,1,2,4,1,"2","US"
3,1,1,2,3,1,"2","US"
3,1,1,5,5,1,"2","US"
3,1,1,5,2,1,"2","US"
3,1,1,2,4,1,"3","US"
3,1,1,2,3,1,"3","US"
3,2,1,9,3,3,"3","US"
3,1,1,1,3,1,"2","US"
3,1,1,1,2,1,"2","US"
3,2,1,2,5,1,"2","US"
3,2,1,2,4,1,"2","US"
3,1,1,1,4,5,"2","CA"
3,1,1,1,3,5,"2","CA"
3,1,1,5,5,1,"2","US"
3,1,1,5,4,1,"2","US"
3,1,1,5,5,1,"2","US"
3,1,1,5,4,1,"2","US"
3,1,1,1,5,1,"2","US"
3,1,1,1,2,1,"2","US"
3,2,1,4,3,3,"3","GB"
3,3,1,2,2,1,"3","US"
3,1,1,2,5,1,"2","US"
3,1,1,2,4,1,"2","US"
3,1,1,4,4,5,"2","US"
3,1,1,4,3,5,"2","US"
3,2,1,10,4,5,"2","US"
3,2,1,10,3,5,"2","US"
3,1,1,2,4,5,"2","US"
3,1,1,2,3,5,"2","US"
3,4,1,5,4,5,"2","US"
3,4,1,5,3,5,"2","US"
3,1,1,3,5,1,"2","US"
3,1,1,3,3,1,"2","US"
3,1,1,1,3,5,"2","US"
3,1,1,1,2,5,"2","US"
3,1,1,4,3,5,"2","US"
3,1,1,4,2,5,"2","US"
3,1,1,10,5,5,"2","US"
3,1,1,10,4,5,"2","US"
3,1,1,4,4,1,"2","US"
3,1,1,4,4,1,"2","US"
3,1,1,8,3,5,"2","US"
3,1,1,8,3,5,"2","US"
3,1,1,1,4,5,"2","US"
3,1,1,1,3,5,"2","US"
3,1,1,4,4,5,"3","US"
3,1,1,4,3,5,"3","US"
3,1,1,1,4,1,"2","US"
3,1,1,1,3,1,"2","US"
3,1,1,5,4,5,"2","US"
3,1,1,5,3,5,"2","US"
3,2,1,1,2,1,"2","GB"
3,2,1,1,2,1,"2","GB"
3,1,1,3,3,5,"2","US"
3,1,1,3,2,5,"2","US"
3,1,1,4,4,1,"2","US"
3,1,1,4,3,1,"2","US"
3,3,1,4,2,5,"1","GB"
3,1,1,3,2,1,"2","GB"
3,1,1,3,2,1,"2","GB"
3,1,1,3,4,5,"2","US"
3,1,1,3,3,5,"2","US"
3,1,1,1,4,1,"2","US"
3,1,1,1,3,1,"2","US"
3,1,1,4,5,1,"2","US"
3,1,1,4,4,1,"2","US"
3,2,1,3,1,5,"1","IN"
3,1,1,2,3,1,"2","US"
3,1,1,2,2,1,"2","US"
3,1,1,2,5,1,"2","US"
3,1,1,2,5,1,"2","US"
3,1,1,1,3,1,"2","US"
3,1,1,1,3,1,"2","US"
3,1,1,8,3,1,"2","US"
3,1,1,8,3,1,"2","US"
3,1,1,8,5,1,"2","US"
3,1,1,8,2,1,"2","US"
3,1,1,10,4,5,"3","US"
3,1,1,10,3,5,"3","US"
3,1,1,1,4,5,"3","US"
3,1,1,1,3,5,"3","US"
3,2,1,1,1,1,"2","US"
3,2,1,1,1,1,"2","US"
3,1,1,1,5,1,"2","US"
3,1,1,1,2,1,"2","US"
3,1,1,4,5,5,"3","US"
3,1,1,4,3,5,"3","US"
3,1,1,1,3,5,"2","US"
3,1,1,1,3,5,"2","US"
3,3,1,4,3,3,"3","US"
3,2,1,4,4,1,"2","US"
3,2,1,4,3,1,"2","US"
3,1,1,2,4,5,"3","US"
3,1,1,2,3,5,"3","US"
3,2,1,3,5,1,"2","US"
3,2,1,3,3,1,"2","US"
3,3,1,3,3,5,"3","US"
3,2,1,2,3,5,"2","GB"
3,1,1,5,1,5,"1","US"
3,4,1,10,6,1,"2","US"
3,4,1,10,4,1,"2","US"
3,1,1,1,5,5,"2","US"
3,1,1,1,2,5,"2","US"
3,3,1,3,2,5,"1","US"
3,2,1,3,3,5,"2","US"
3,1,1,1,5,1,"2","US"
3,1,1,1,2,1,"2","US"
3,2,1,5,4,1,"2","US"
3,2,1,5,2,1,"2","US"
3,1,1,1,5,1,"2","US"
3,1,1,1,2,1,"2","US"
3,1,1,8,5,1,"2","US"
3,1,1,8,2,1,"2","US"
3,1,1,1,5,1,"2","US"
3,1,1,1,2,1,"2","US"
3,3,1,5,3,3,"3","US"
3,1,1,1,2,1,"3","US"
3,1,1,1,2,1,"3","US"
3,1,1,2,4,1,"3","US"
3,1,1,2,2,1,"3","US"
3,3,1,4,1,5,"3","GB"
3,2,1,1,2,1,"2","GB"
3,2,1,1,2,1,"2","GB"
3,1,1,10,5,1,"2","US"
3,1,1,10,4,1,"2","US"
3,1,1,1,4,5,"2","US"
3,1,1,1,3,5,"2","US"
3,2,1,2,2,3,"2","GB"
3,1,1,3,3,5,"2","US"
3,1,1,3,2,5,"2","US"
3,1,1,4,4,5,"2","US"
3,1,1,4,2,5,"2","US"
3,1,1,3,3,5,"2","US"
3,1,1,3,3,5,"2","US"
3,1,1,2,4,5,"3","US"
3,1,1,2,2,5,"3","US"
3,1,1,1,4,5,"2","US"
3,1,1,1,4,5,"2","US"
3,2,1,1,3,1,"2","GB"
3,2,1,1,3,1,"2","GB"
3,1,1,3,3,5,"2","US"
3,1,1,3,2,5,"2","US"
3,3,1,1,3,5,"3","US"
3,3,1,1,2,5,"3","US"
1,3,1,1,1,5,"3","IN"
1,3,1,1,1,5,"3","IN"
3,1,1,2,4,1,"3","US"
3,1,1,2,3,1,"3","US"
3,2,1,2,4,5,"3","US"
3,1,1,1,5,5,"2","US"
3,1,1,1,2,5,"2","US"
3,1,1,3,4,5,"2","US"
3,1,1,3,3,5,"2","US"
3,1,1,2,4,5,"3","US"
3,1,1,2,2,5,"3","US"
3,1,1,4,5,5,"3","US"
3,1,1,4,3,5,"3","US"
3,1,1,1,4,5,"2","US"
3,1,1,1,3,5,"2","US"
3,3,1,4,2,1,"3","US"
3,2,1,1,2,5,"2","GB"
3,2,1,1,2,5,"2","GB"
3,1,1,2,4,1,"2","US"
3,1,1,2,3,1,"2","US"
3,1,1,3,3,1,"2","US"
3,1,1,3,2,1,"2","US"
3,1,1,6,5,1,"2","US"
3,1,1,6,4,1,"2","US"
3,1,1,10,6,5,"2","US"
3,1,1,10,4,5,"2","US"
3,2,1,4,3,1,"2","GB"
3,2,1,4,2,1,"2","GB"
3,1,1,3,3,5,"2","US"
3,1,1,3,2,5,"2","US"
3,2,1,1,3,1,"2","GB"
3,2,1,1,2,1,"2","GB"
3,1,1,2,5,5,"3","US"
3,1,1,2,4,5,"3","US"
3,1,1,1,5,5,"3","US"
3,1,1,1,4,5,"3","US"
3,1,1,3,3,1,"2","US"
3,1,1,3,2,1,"2","US"
3,1,1,1,4,5,"2","US"
3,1,1,1,4,5,"2","US"
3,1,1,3,4,1,"2","US"
3,1,1,3,3,1,"2","US"
3,1,1,2,4,5,"2","US"
3,1,1,2,3,5,"2","US"
3,1,1,4,4,1,"2","US"
3,1,1,4,4,1,"2","US"
3,1,1,1,4,5,"2","US"
3,1,1,1,3,5,"2","US"
3,1,1,8,5,5,"2","US"
3,1,1,8,3,5,"2","US"
3,1,1,1,3,5,"2","US"
3,1,1,1,3,5,"2","US"
3,1,1,3,3,5,"2","US"
3,1,1,3,2,5,"2","US"
3,3,1,4,1,5,"3","GB"
3,1,1,1,4,5,"3","US"
3,1,1,1,3,5,"3","US"
3,2,1,3,1,5,"2","GB"
3,2,1,3,1,5,"2","GB"
3,2,1,3,1,5,"2","ES"
3,2,1,3,1,5,"2","ES"
3,2,1,1,2,5,"2","ES"
3,2,1,1,2,5,"2","ES"
3,2,1,1,2,5,"2","GB"
3,2,1,1,2,5,"2","GB"
3,1,1,4,4,1,"2","US"
3,1,1,4,4,1,"2","US"
3,2,1,1,2,5,"2","GB"
3,2,1,1,2,5,"2","GB"
3,1,1,2,5,1,"3","US"
3,1,1,2,3,1,"3","US"
3,2,1,1,2,5,"2","ES"
3,2,1,1,1,5,"2","ES"
3,1,1,2,6,5,"2","US"
3,1,1,2,4,5,"2","US"
3,2,1,2,2,1,"2","GB"
3,2,1,2,1,1,"2","GB"
3,2,1,1,2,5,"2","GB"
3,2,1,1,2,5,"2","GB"
3,2,1,1,2,1,"2","US"
3,2,1,1,2,1,"2","US"
3,2,1,10,5,5,"2","US"
3,2,1,10,4,5,"2","US"
3,1,1,2,4,1,"2","US"
3,1,1,2,2,1,"2","US"
3,2,1,3,2,1,"1","US"
3,2,1,3,2,1,"1","US"
3,1,1,1,3,1,"2","US"
3,1,1,1,3,1,"2","US"
3,4,1,1,5,5,"2","US"
3,4,1,1,4,5,"2","US"
3,2,1,2,2,1,"2","GB"
3,2,1,2,1,1,"2","GB"
3,2,1,1,2,1,"2","GB"
3,2,1,1,1,1,"2","GB"
3,1,1,2,4,5,"2","US"
3,1,1,2,3,5,"2","US"
3,1,1,3,3,5,"2","US"
3,1,1,3,2,5,"2","US"
3,1,1,1,4,1,"2","US"
3,1,1,1,3,1,"2","US"
3,1,1,1,5,1,"2","US"
3,1,1,1,4,1,"2","US"
3,1,1,2,4,1,"3","US"
3,1,1,2,3,1,"3","US"
3,2,1,3,3,1,"2","US"
3,2,1,3,3,1,"2","US"
3,1,1,3,3,1,"2","US"
3,1,1,3,2,1,"2","US"
3,1,1,3,4,5,"2","US"
3,1,1,3,3,5,"2","US"
3,2,1,2,3,1,"2","US"
3,2,1,2,2,1,"2","US"
3,2,1,1,4,5,"2","US"
3,2,1,1,3,5,"2","US"
3,1,1,3,3,5,"2","US"
3,1,1,3,2,5,"2","US"
3,1,1,2,3,5,"2","US"
3,1,1,2,2,5,"2","US"
3,1,1,2,3,1,"2","GB"
3,1,1,2,2,1,"2","GB"
3,1,1,2,3,5,"2","US"
3,1,1,2,3,5,"2","US"
3,3,1,1,1,5,"2","GB"
3,3,1,1,1,5,"2","GB"
3,4,1,3,3,5,"2","US"
3,4,1,3,3,5,"2","US"
3,1,1,3,4,5,"2","US"
3,1,1,3,3,5,"2","US"
3,1,1,10,4,5,"2","US"
3,1,1,10,3,5,"2","US"
3,1,1,2,4,5,"2","US"
3,1,1,2,3,5,"2","US"
3,1,1,1,2,1,"2","GB"
3,1,1,1,2,1,"2","GB"
3,1,1,2,5,5,"2","US"
3,1,1,2,3,5,"2","US"
3,1,1,8,4,5,"2","CA"
3,1,1,8,2,5,"2","CA"
3,1,1,3,3,5,"2","CA"
3,1,1,3,2,5,"2","CA"
3,1,1,3,3,5,"2","CA"
3,1,1,3,2,5,"2","CA"
3,1,1,1,4,1,"3","US"
3,1,1,1,3,1,"3","US"
3,1,1,2,3,1,"2","US"
3,1,1,2,2,1,"2","US"
3,2,1,3,4,5,"2","US"
3,2,1,3,3,5,"2","US"
3,1,1,3,3,5,"2","US"
3,1,1,3,2,5,"2","US"
3,1,1,3,3,5,"2","US"
3,1,1,3,2,5,"2","US"
3,1,1,1,4,5,"2","US"
3,1,1,1,3,5,"2","US"
3,1,1,1,5,5,"2","US"
3,1,1,1,4,5,"2","US"
3,1,1,3,3,5,"2","US"
3,1,1,3,3,5,"2","US"
3,1,1,1,3,5,"2","US"
3,1,1,1,2,5,"2","US"
3,4,1,5,4,5,"2","US"
3,4,1,5,3,5,"2","US"
3,1,1,1,5,5,"3","US"
3,1,1,1,4,5,"3","US"
3,1,1,1,4,5,"2","US"
3,1,1,1,4,5,"2","US"
3,1,1,2,5,1,"3","US"
3,1,1,2,3,1,"3","US"
3,1,1,2,4,5,"2","US"
3,1,1,2,3,5,"2","US"
3,1,1,1,5,5,"2","US"
3,1,1,1,4,5,"2","US"
3,1,1,1,2,1,"2","US"
3,1,1,1,2,1,"2","US"
3,1,1,2,5,1,"2","US"
3,1,1,2,3,1,"2","US"
3,1,1,5,5,1,"2","US"
3,1,1,5,4,1,"2","US"
3,1,1,1,4,5,"2","US"
3,1,1,1,3,5,"2","US"
3,1,1,3,3,5,"2","US"
3,1,1,3,2,5,"2","US"
3,1,1,1,3,5,"2","US"
3,1,1,1,3,5,"2","US"
3,1,1,3,3,5,"2","US"
3,1,1,3,2,5,"2","US"
3,2,1,3,2,1,"2","CA"
3,2,1,3,2,1,"2","CA"
3,1,1,4,5,5,"2","US"
3,1,1,4,4,5,"2","US"
3,1,1,8,6,5,"2","US"
3,1,1,8,5,5,"2","US"
3,1,1,1,4,5,"2","US"
3,1,1,1,3,5,"2","US"
3,2,1,2,3,1,"2","US"
3,2,1,2,3,1,"2","US"
3,1,1,3,3,5,"2","US"
3,1,1,3,2,5,"2","US"
3,2,1,1,5,1,"2","US"
3,2,1,1,2,1,"2","US"
3,1,1,1,3,5,"2","US"
3,1,1,1,3,5,"2","US"
3,2,1,3,2,1,"2","GB"
3,2,1,3,1,1,"2","GB"
3,1,1,3,2,5,"2","US"
3,1,1,3,2,5,"2","US"
3,1,1,8,4,5,"2","US"
3,1,1,8,3,5,"2","US"
3,1,1,2,5,5,"2","US"
3,1,1,2,3,5,"2","US"
3,1,1,3,4,5,"2","US"
3,1,1,3,3,5,"2","US"
3,2,1,2,4,5,"2","US"
3,2,1,2,3,5,"2","US"
3,3,1,3,2,1,"2","CA"
3,3,1,3,2,1,"2","CA"
3,1,1,1,4,5,"2","US"
3,1,1,1,3,5,"2","US"
3,1,1,3,3,1,"2","US"
3,1,1,3,2,1,"2","US"
3,1,1,2,5,5,"2","US"
3,1,1,2,3,5,"2","US"
3,1,1,2,5,5,"2","US"
3,1,1,2,3,5,"2","US"
3,1,1,2,5,5,"2","US"
3,1,1,2,3,5,"2","US"
3,1,1,3,2,5,"2","US"
3,1,1,3,2,5,"2","US"
3,1,1,2,5,5,"2","US"
3,1,1,2,3,5,"2","US"
3,1,1,3,4,5,"2","US"
3,1,1,3,3,5,"2","US"
3,1,1,1,2,5,"2","US"
3,1,1,1,1,5,"2","US"
3,1,1,3,3,5,"2","US"
3,1,1,3,3,5,"2","US"
3,1,1,1,5,5,"2","US"
3,1,1,1,4,5,"2","US"
3,1,1,3,3,5,"2","US"
3,1,1,3,2,5,"2","US"
3,1,1,3,4,5,"2","US"
3,1,1,3,3,5,"2","US"
3,1,1,2,5,5,"2","US"
3,1,1,2,3,5,"2","US"
3,2,1,3,3,5,"2","US"
3,2,1,3,1,5,"2","US"
3,1,1,2,5,5,"2","US"
3,1,1,2,3,5,"2","US"
3,2,1,2,4,1,"2","GB"
3,2,1,2,2,1,"2","GB"
3,1,1,4,5,5,"2","US"
3,1,1,4,3,5,"2","US"
3,2,1,2,4,5,"2","US"
3,2,1,2,3,5,"2","US"
3,4,1,1,7,5,"2","US"
3,4,1,1,5,5,"2","US"
3,1,1,1,5,5,"2","US"
3,1,1,1,2,5,"2","US"
3,1,1,2,4,5,"2","US"
3,1,1,2,3,5,"2","US"
3,1,1,1,3,5,"2","US"
3,1,1,1,2,5,"2","US"
3,2,1,4,3,5,"1","US"
3,2,1,2,1,5,"3","IN"
3,3,1,2,1,5,"2","IN"
3,3,1,1,2,5,"1","US"
2,2,1,2,3,3,"3","US"
3,2,1,2,2,5,"2","CA"
3,3,1,2,2,5,"3","CA"
3,2,1,2,2,5,"2","US"
3,1,1,1,3,5,"2","US"
3,1,1,1,3,5,"2","US"
3,1,1,2,4,5,"2","US"
3,1,1,2,2,5,"2","US"
3,1,1,10,4,5,"2","US"
3,3,1,9,3,5,"3","US"
3,2,1,2,3,5,"3","US"
2,1,1,1,3,1,"3","US"
2,1,1,10,5,1,"3","US"
2,2,1,3,3,5,"3","US"
2,3,1,2,2,5,"2","US"
3,2,1,2,1,5,"1","US"
2,2,1,3,2,5,"2","US"
3,2,4,2,2,5,"2","US"
2,3,1,2,2,1,"1","US"
3,1,1,9,3,3,"3","US"
2,2,1,2,2,5,"1","US"
3,3,1,1,3,5,"2","US"
2,3,1,4,1,5,"1","IN"
2,2,1,2,1,1,"1","IN"
2,3,2,3,1,3,"2","ES"
2,3,1,3,1,5,"2","US"
2,2,1,1,4,5,"3","US"
2,2,1,1,2,5,"3","US"
2,2,1,1,2,5,"3","GB"
2,2,1,8,4,5,"3","US"
2,2,1,8,3,5,"3","US"
2,3,1,1,2,5,"3","US"
1,1,1,2,2,5,"3","US"
2,3,1,4,3,5,"1","US"
1,2,1,9,8,1,"2","US"
2,1,1,10,3,5,"3","US"
2,2,1,2,2,5,"3","CA"
2,2,1,2,3,5,"2","US"
2,1,1,1,4,5,"3","US"
2,2,1,1,2,5,"3","US"
2,3,1,3,2,5,"1","US"
2,3,1,3,2,5,"1","US"
2,2,3,6,6,5,"3","US"
2,2,1,4,1,5,"1","ES"
2,3,1,9,2,3,"3","GB"
1,3,1,4,5,3,"3","US"
2,1,1,3,2,5,"1","US"
1,3,1,4,3,5,"1","US"
2,2,1,1,3,5,"3","US"
2,3,1,3,2,5,"2","US"
1,2,1,2,1,5,"1","US"
1,4,1,1,2,3,"3","ES"
2,1,1,1,3,5,"2","GB"
2,3,1,1,1,5,"3","IN"
2,1,1,1,3,5,"2","US"
2,1,1,1,3,5,"1","US"
2,2,1,9,4,5,"3","CA"
2,2,1,3,2,3,"3","GB"
1,2,1,1,3,5,"3","US"
1,2,1,1,3,3,"3","GB"
2,1,1,1,3,5,"3","US"
1,2,1,2,2,5,"1","GB"
2,3,1,2,1,3,"3","IN"
1,1,1,1,4,5,"3","US"
1,2,1,2,3,5,"3","US"
2,2,1,1,4,5,"3","US"
2,1,1,1,4,5,"3","US"
2,2,1,3,2,5,"3","US"
2,3,1,2,1,5,"2","IN"
2,3,1,2,2,5,"1","US"
1,3,1,3,1,1,"1","IN"
2,1,1,1,2,3,"3","GB"
2,2,1,1,2,3,"3","GB"
1,3,1,3,2,5,"3","US"
2,1,1,2,4,5,"3","US"
2,2,1,3,2,5,"3","US"
2,1,1,2,3,5,"3","CA"
2,3,1,1,1,3,"2","IN"
2,2,1,9,2,5,"2","CA"
2,2,1,8,4,5,"3","US"
2,1,1,3,4,5,"3","US"
2,1,1,1,4,5,"3","US"
2,1,1,6,6,5,"1","US"
2,2,1,1,3,5,"3","US"
2,3,1,1,2,5,"3","US"
2,1,1,4,4,3,"3","US"
2,2,1,1,3,5,"3","US"
1,1,1,4,3,3,"3","US"
2,3,1,2,2,3,"3","US"
2,3,1,2,2,5,"2","US"
1,3,1,3,2,5,"3","US"
2,2,1,1,3,1,"2","US"
2,2,1,1,2,1,"2","US"
2,1,1,4,2,1,"3","IN"
2,2,1,2,1,5,"1","IN"
2,1,1,3,2,5,"2","CA"
2,1,1,2,3,1,"3","US"
2,1,1,10,2,3,"3","US"
2,1,1,4,1,5,"3","IN"
2,2,1,2,3,3,"3","US"
2,1,1,9,2,3,"3","CA"
2,1,1,10,4,5,"3","US"
1,2,1,2,1,1,"3","IN"
2,2,1,1,1,1,"3","US"
2,2,1,2,1,5,"1","US"
2,3,1,4,2,3,"1","US"
2,2,1,2,1,5,"3","ES"
1,2,1,3,2,5,"3","US"
2,2,1,2,2,3,"3","GB"
2,2,1,2,1,1,"2","IN"
2,2,1,2,3,3,"3","GB"
2,2,1,1,2,3,"1","GB"
2,2,4,1,1,1,"3","US"
2,1,1,4,4,5,"3","US"
2,2,1,2,4,5,"3","US"
2,1,1,9,1,5,"1","US"
2,1,1,1,4,1,"2","US"
1,2,1,1,3,5,"3","US"
1,1,1,2,3,3,"3","US"
2,1,1,2,2,5,"1","CA"
2,1,1,1,2,3,"1","GB"
2,2,1,2,3,3,"3","US"
1,2,1,2,1,5,"2","ES"
2,2,1,2,1,5,"2","ES"
2,2,1,2,3,3,"3","US"
2,2,1,3,2,1,"3","US"
2,2,1,3,2,1,"3","US"
2,2,1,2,2,1,"3","US"
1,1,1,10,4,5,"2","US"
1,2,1,2,3,5,"2","US"
1,2,1,2,3,5,"2","US"
1,2,1,1,3,5,"2","US"
1,1,1,2,8,5,"3","US"
1,3,1,2,3,5,"1","US"
2,1,1,10,2,3,"3","IN"
